numepedido,Alice Mutton,Aniseed Syrup,Boston Crab Meat,Camembert Pierrot,Carnarvon Tigers,Chai,Chang,Chartreuse verte,Chef Antons Cajun Seasoning,Chef Antons Gumbo Mix,Chocolade,Côte de Blaye,Escargots de Bourgogne,Filo Mix,Flotemysost,Geitost,Genen Shouyu,Gnocchi di nonna Alice,Gorgonzola Telino,Grandmas Boysenberry Spread,Gravad lax,Guaraná Fantástica,Gudbrandsdalsost,Gula Malacca,Gumbär Gummibärchen,Gustafs Knäckebröd,Ikura,Inlagd Sill,Ipoh Coffee,Jacks New England Clam Chowder,Konbu,Lakkalikööri,Longlife Tofu,Louisiana Fiery Hot Pepper Sauce,Louisiana Hot Spiced Okra,Manjimup Dried Apples,Mascarpone Fabioli,Maxilaku,Mishi Kobe Niku,Mozzarella di Giovanni,Nord-Ost Matjeshering,Northwoods Cranberry Sauce,NuNuCa Nuß-Nougat-Creme,Original Frankfurter grüne Soße,Outback Lager,Pâté chinois,Pavlova,Perth Pasties,Queso Cabrales,Queso Manchego La Pastora,Raclette Courdavault,Ravioli Angelo,Rhönbräu Klosterbier,Röd Kaviar,Rogede sild,Rössle Sauerkraut,Sasquatch Ale,Schoggi Schokolade,Scottish Longbreads,Singaporean Hokkien Fried Mee,Sir Rodneys Marmalade,Sir Rodneys Scones,Sirop dérable,Spegesild,Steeleye Stout,Tarte au sucre,Teatime Chocolate Biscuits,Thüringer Rostbratwurst,Tofu,Tourtière,Tunnbröd,Uncle Bobs Organic Dried Pears,Valkoinen suklaa,Vegie-spread,Wimmers gute Semmelknödel,Zaanse koeken
10248,,,,,,,,,,,,,,,,,,,,,,,,,,,,,,,,,,,,,,,,SIM,,,,,,,,,SIM,,,,,,,,,,,SIM,,,,,,,,,,,,,,,,
10249,,,,,,,,,,,,,,,,,,,,,,,,,,,,,,,,,,,,SIM,,,,,,,,,,,,,,,,,,,,,,,,,,,,,,,,,SIM,,,,,,,
10250,,,,,,,,,,,,,,,,,,,,,,,,,,,,,,,,,,SIM,,SIM,,,,,,,,,,,,,,,,,,,,,,,,,,,,,,,,,,,,,,,,
10251,,,,,,,,,,,,,,,,,,,,,,,,,,SIM,,,,,,,,SIM,,,,,,,,,,,,,,,,,,SIM,,,,,,,,,,,,,,,,,,,,,,,,
10252,,,,SIM,,,,,,,,,,,,SIM,,,,,,,,,,,,,,,,,,,,,,,,,,,,,,,,,,,,,,,,,,,,,SIM,,,,,,,,,,,,,,,
10253,,,,,,,,SIM,,,,,,,,,,,SIM,,,,,,,,,,,,,,,,,,,SIM,,,,,,,,,,,,,,,,,,,,,,,,,,,,,,,,,,,,,,
10254,,,,,,,,,,,,,,,,,,,,,,SIM,,,,,,,,,,,SIM,,,,,,,,,,,,,SIM,,,,,,,,,,,,,,,,,,,,,,,,,,,,,,
10255,,,,,,,SIM,,,,,,,,,,,,,,,,,,,,,SIM,,,,,,,,,,,,,,,,,,,SIM,,,,SIM,,,,,,,,,,,,,,,,,,,,,,,,,
10256,,,,,,,,,,,,,,,,,,,,,,,,,,,,,,,,,,,,,,,,,,,,SIM,,,,SIM,,,,,,,,,,,,,,,,,,,,,,,,,,,,
10257,,,,,,,,SIM,,,,,,,,,,,,,,,,,,,,,,,,,,,,,,,,,,,,SIM,,,,,,,,,,,,,,SIM,,,,,,,,,,,,,,,,,,
10258,,,,,,,SIM,,,SIM,,,,,,,,,,,,,,,,,,,,,,,,,,,SIM,,,,,,,,,,,,,,,,,,,,,,,,,,,,,,,,,,,,,,,
10259,,,,,,,,,,,,,,,,,,,,,SIM,,,,,,,,,,,,,,,,,,,,,,,,,,,,,,,,,,,,,,,,,SIM,,,,,,,,,,,,,,
10260,,,,,,,,,,,,,,,,,,,,,,,,,,,,,,,,,,,,,,,,,,,,,SIM,,,,,,,SIM,,,,,,,,,,,,,,,,,,,,,,,,
10261,,,,,,,,,,,,,,,,,,,,,,,,,,,,,,,,,,,,,,,,,,,,,,,,,,,,,,,,,,,,,,SIM,,,,,,,,,,,,,,
10262,,,,,,,,,,SIM,,,,,,,,SIM,,,,,,,,,,,,,,,,,,,,,,,,,,,,,,,,,,,,,,,,,,,,,,,,,,,,,,SIM,,,,
10263,,,,,,,,,,,,,,,,,,,,,,SIM,,,,,,,,,,,SIM,,,,,,,,SIM,,,,,,SIM,,,,,,,,,,,,,,,,,,,,,,,,,,,,,
10264,,,,,,,SIM,,,,,,,,,,,,,,,,,,,,,,,,,,,,,,,,,,,,,,,,,,,,,,,,,,,,,,,,,,,,,,,,,,,,,
10265,SIM,,,,,,,,,,,,,,,,,,,,,,,,,,,,,,,,,,,,,,,,,,,,SIM,,,,,,,,,,,,,,,,,,,,,,,,,,,,,,,
10266,,,,,,,,,,,,,,,,,,,,,,,,,,,,,,,,,,,,,,,,,,,,,,,,,,SIM,,,,,,,,,,,,,,,,,,,,,,,,,,
10267,,,SIM,,,,,,,,,,,,,,,,,,,,,,,,,,,,,SIM,,,,,,,,,,,,,,,,,,,SIM,,,,,,,,,,,,,,,,,,,,,,,,,
10268,,,,,,,,,,,,,,,,,,,,,,,,,,,,,,,,,,,,,,,,SIM,,,,,,,,,,,,,,,,,,,,,,,,,,,,SIM,,,,,,,,
10269,,,,,,,,,,,,,,,,SIM,,,,,,,,,,,,,,,,,,,,,,,,SIM,,,,,,,,,,,,,,,,,,,,,,,,,,,,,,,,,,,,
10270,,,,,,,,,,,,,,,,,,,,,,,,,,,,SIM,SIM,,,,,,,,,,,,,,,,,,,,,,,,,,,,,,,,,,,,,,,,,,,,,,,
10271,,,,,,,,,,,,,,,,SIM,,,,,,,,,,,,,,,,,,,,,,,,,,,,,,,,,,,,,,,,,,,,,,,,,,,,,,,,,,,,
10272,,,,,,,,,,,,,,,,,,,SIM,,,,,,,,,,,,,,,,,,,,,SIM,,,,,,,,,,,,,,,,,,,,,SIM,,,,,,,,,,,,,,,
10273,,,SIM,,,,,,,,,,,,,SIM,,,SIM,,,,,,,,SIM,,,,,SIM,,,,,,,,,,,,,,,,,,,,,,,,,,,,,,,,,,,,,,,,,,,,
10274,,,,,,,,,,,,,,,SIM,,,,,,,,,,,,,,,,,,,,,,,,,SIM,,,,,,,,,,,,,,,,,,,,,,,,,,,,,,,,,,,,
10275,,,,,,,,,,,,,,,,,,,,,,SIM,,,,,,,,,,,,,,,,,,,,,,,,,,,,,SIM,,,,,,,,,,,,,,,,,,,,,,,,,
10276,,,,,,,,,,,,,,,,,,,,,,,,,,,SIM,,,,SIM,,,,,,,,,,,,,,,,,,,,,,,,,,,,,,,,,,,,,,,,,,,,,
10277,,,,,,,,,,,,,,,,,,,,,,,,,,,,,,,,,,,,,,,,,,,,,,,,,,,,,,,,SIM,,,,,,,,,,,,,,,,,,,,
10278,,,,,,,,,,,,,,,,,,,,,,,,SIM,,,,,,,,,,,,,,,,,,,,,,,,,,,SIM,,,SIM,,,,,,,,,,,,,,,,,,,,,,
10279,SIM,,,,,,,,,,,,,,,,,,,,,,,,,,,,,,,,,,,,,,,,,,,,,,,,,,,,,,,,,,,,,,,,,,,,,,,,,,,
10280,,,,,,,,,,,,,,,,,,,,,,SIM,,,,,,,,,,,,,,,,,,,,,,,,SIM,,,,,,,SIM,,,,,,,,,,,,,,,,,,,,,,,
10281,,,,,,,,,,,,,,,,,,,,,,SIM,,,,,,,,,,,,,,,,,,,,,,,,,,,,,,,,,,,,,,,,,,,,,SIM,,,,,,,,,
10282,,,,,,,,,,,,,,,,,,,,,,,,,,,,,,,,,,,,,,,,,SIM,,,,,,,,,,,SIM,,,,,,,,,,,,,,,,,,,,,,,,
10283,,,,SIM,,,,,,,,,,,,,SIM,,,,,,,,,,,,,,,,,,,,,,,SIM,,,,,,,,,,,,,,,,,,,,,,,,,,,SIM,,,,,,,,,
10284,,,,SIM,,,,,,,,,,,,,,,,,,,,SIM,,,,,,,,,,,,,,,,,,,,,,,,,,,,,,,,,,SIM,,,,,,,,,,,,,,,,,,
10285,,,SIM,,,SIM,,,,,,,,,,,,,,,,,,,,,,,,,,,,,,,,,,,,,,,,,,SIM,,,,,,,,,,,,,,,,,,,,,,,,,,,,
10286,,,,,,,,,,,,,,,,,,,,,,,,,,,,,,,,,,,,,,,,,,,,,,,,,,,,,,,,,,,,,,,,,,,,,,,,,,,,
10287,,,,,,,,,,,,,,,,,,,,,,,,,,,,,,,,,,,,,,,,,,,,,,,SIM,,,,,,,,,,SIM,,,,,,,SIM,,,,,,,,,,,,
10288,,,,,,,,,,,,,,,,,,,,,,,,,,,,,,,,,,,,,,,,,,,,,,,,,,,,,,,,,,,SIM,,,,,,,,,,,SIM,,,,,,
10289,,SIM,,,,,,,,,,,,,,,,,,,,,,,,,,,,,,,,,,,,,,,,,,,,,,,,,,,,,,,,,,,,,,,,,,,,,,,,,SIM,
10290,,,,,,,,,,SIM,,,,,,,,,,,,,,,,,,,,,,,,,,,,SIM,,,,,,SIM,,,,,,,,,,,,,,,,,,,,,,,,SIM,,,,,,,,
10291,,,,,,,,,,,,,,,,,,,,,,,,SIM,,,,,,,SIM,,,,,SIM,,,,,,,,,,,,,,,,,,,,,,,,,,,,,,,,,,,,,,,,
10292,,,,,,,,,,,,,,,,,,,,,,,,,,,,,,,,,,,,,,,,,,,,,,,,,,,,,,,,,,,,,SIM,,,,,,,,,,,,,,,
10293,,,,,SIM,,,,,,,,,,,,,,,,,SIM,,,,,,,,,,,,,,,,,,,,,,,,,,,,,,,SIM,,,,,,,,,,,,,,,,,,,,,,,
10294,SIM,,,SIM,,SIM,,,,,,,,,,,,,,,,,,,,,,,SIM,,,,,,,,,,,,,,,,,,,,,,,,SIM,,,,,,,,,,,,,,,,,,,,,,,
10295,,,,,,,,,,,,,,,,,,SIM,,,,,,,,,,,,,,,,,,,,,,,,,,,,,,,,,,,,,,,,,,,,,,,,,,,,,,,,,,
10296,,,,,,,,,,,,,,,,,,,,,,,SIM,,,,,,,,,,,,,,,,,,,,,,,,SIM,,SIM,,,,,,,,,,,,,,,,,,,,,,,,,,,
10297,,,,,,,,SIM,,,,,,,,,,,,,,,,,,,,,,,,,,,,,,,,SIM,,,,,,,,,,,,,,,,,,,,,,,,,,,,,,,,,,,,
10298,,,,,,,SIM,,,,,,,,,,,,,,,,,,,,,SIM,,,,,,,,,,,,,,,,,,,,,,,SIM,,,,,,,,,,,,,,,,,,,,,,,,,
10299,,,,,,,,,,,,,,,,,,,,,,,,,,,,,,,,,,,,,,,,,,,,,SIM,,,,,,,,,,,,,,,,,,,,,,SIM,,,,,,,,,
10300,,,,,,,,,,,,,,,,,,,,,,,,,,,,,,,,,,,SIM,,,,,,,,,,,,,,,,,,,,,,,,SIM,,,,,,,,,,,,,,,,,
10301,,,SIM,,,,,,,,,,,,,,,SIM,,,,,,,,,,,,,,,,,,,,,,,,,,,,,,,,,,,,,,,,,,,,,,,,,,,,,,,,,,
10302,SIM,,,,,,,,,,,,,,,,,,,,,,,,,,,,SIM,,,,,,,,,,,,,,,,,,,,,,,,,,,SIM,,,,,,,,,,,,,,,,,,,,
10303,,,SIM,,,,,,,,,,,,,,,,,,,,,,,,,,,,,,,SIM,,,,,,,,,,,,,,,,,,,,,,,,,SIM,,,,,,,,,,,,,,,,,
10304,,,,,,,,,,,,,,,SIM,,,,,,,,,,,,,,,,,,,,,,,SIM,,,,,,,,,,,,,SIM,,,,,,,,,,,,,,,,,,,,,,,,,
10305,,,,,SIM,,,SIM,,,,,,,,,,,,,,,,,,,,,,,,,,,,,,,,,,,,,,,,,,,,,,,,,,,,,,,,,,,,SIM,,,,,,,,
10306,,,,,,,,,,,,,,,,,,,,,,,,,,,,,,,,,,,,,,,,,SIM,,,,,,,SIM,,,,,,,,,,,,,,,,,,,,,,SIM,,,,,,
10307,,,,,,,,,,,,,,,,,,,,,,,,,,,,,,,,,,,,,,,,,,,,,,,,,,,,,,,,,,,SIM,,,,,,,,,,,,,,,,,
10308,,,,,,,,,,,,,,,,,,,,,,,SIM,,,,,,,,,,,,,,,,,,,,,,SIM,,,,,,,,,,,,,,,,,,,,,,,,,,,,,,,
10309,,,,,,,,,SIM,,,,,,SIM,,,,,SIM,,,,,,,,,SIM,,,,,,,,,,,,,,,,,,,,,,,,,,,,,,,SIM,,,,,,,,,,,,,,,,
10310,,,,,,,,,,,,,,,,,,,,,,,,,,,,,,,,,,,,,,,,,,,,,,,SIM,,,,,,,,,,,,,,,,,,,,,,,,,,,,,
10311,,,,,,,,,,,,,,,,,,,,,,,SIM,,,,,,,,,,,,,,,,,,,,,,,,,,,,,,,,,,,,,SIM,,,,,,,,,,,,,,,,
10312,,,,,,,,,,,,,,,,,,,,,,,,,,,,,SIM,,,,,,,,,,,,,,,,,,,SIM,,,,,SIM,,,SIM,,,,,,,,,,,,,,,,,,,,
10313,,,,,,,,,,,,,,,,,,,,,,,,,,,,SIM,,,,,,,,,,,,,,,,,,,,,,,,,,,,,,,,,,,,,,,,,,,,,,,,
10314,,,,,,,,,,,,,SIM,,,,,,,,,,,,,,,,,,,,,,,,SIM,,,,,,,,,,,,,,,,,,,,,,,,,,,,,,,,,,,,,,,
10315,,,,,,,,,,,,,,,,,,,,,,,,,,,,,,,,,,,,,,,,,,,,,SIM,,,,,,,,,,,,SIM,,,,,,,,,,,,,,,,,,,
10316,,,,,,,,,,,,,,,,,,,,,,,,,,,,,,,,,,,,,,,,,,,,,,,,,,,,,,,,,,,,,,,,,,,,,,,,,,,,
10317,,,,,,SIM,,,,,,,,,,,,,,,,,,,,,,,,,,,,,,,,,,,,,,,,,,,,,,,,,,,,,,,,,,,,,,,,,,,,,,
10318,,,,,,,,,,,,,,,,,,,,,,,,,,,,,,,,SIM,,,,,,,,,,,,,,,,,,,,,,,,,,,,,,,,,,,,,,,,,,,,
10319,SIM,,,,,,,,,,,,,,,,,,,,,,,,,,,,,,,SIM,,,,,,,,,,,,,,,,,,,,,,,,SIM,,,,,,,,,,,,,,,,,,,,
10320,,,,,,,,,,,,,,,SIM,,,,,,,,,,,,,,,,,,,,,,,,,,,,,,,,,,,,,,,,,,,,,,,,,,,,,,,,,,,,,
10321,,,,,,,,,,,,,,,,,,,,,,,,,,,,,,,,,,,,,,,,,,,,,,,,,,,,,,,,,,,,,,,,,,,,,,,,,,,,
10322,,,,,,,,,,,,,,SIM,,,,,,,,,,,,,,,,,,,,,,,,,,,,,,,,,,,,,,,,,,,,,,,,,,,,,,,,,,,,,,
10323,,,,,,,,SIM,,,,,,,,,SIM,,,,,,,,,,,,,,,,,,,,,,,,,,SIM,,,,,,,,,,,,,,,,,,,,,,,,,,,,,,,,,
10324,,,,,,,,,,,,,,,,,,,,,,,,,,,,,,,,,,,,,,,,,,,,,,,SIM,,,,SIM,,,,,,,,,,,,,SIM,,,,,,,,,,,,
10325,,,,,,,,,,,,,,,,,,,SIM,SIM,,,,,,,,,,,SIM,,,,,,,,,SIM,,,,,,,,,,,,,,,,,,,,,,,,,,,,,SIM,,,,,,,
10326,,,,,,,,,SIM,,,,,,,,,,,,,,,,,,,,,,,,,,,,,,,,,,,,,,,,,,,SIM,SIM,,,,,,,,,,,,,,,,,,,,,,,
10327,,,,,,,SIM,,,,,,SIM,,,,,,,,,,,,,,,,,,,,,,,,,,,,SIM,,,,,,,,SIM,,,,,,,,,,,,,,,,,,,,,,,,,,,
10328,,,,,,,,,,,,,,,,,,,,,,,,,,,,,,,,,,SIM,,,,,,,,,,,,,,,,,SIM,,,,,,,,SIM,,,,,,,,,,,,,,,,,
10329,,,,,,,,,,,,SIM,,,,,,SIM,,,,,,,,,,,,,,,,,,,,,,,SIM,,,,,,,,,,,,,,,,,,,,,,,,,,SIM,,,,,,,,,
10330,,,,,,,,,,,,,,,,,,,,,,,,,SIM,,,,,,,,,,,,,,,SIM,,,,,,,,,,,,,,,,,,,,,,,,,,,,,,,,,,,,
10331,,,,,,,,,,,,,,,,,,,,,,,,,,,,,,,,,,,,,,,,,,,,,,,,,,,,,,,,,,,,,,,,,,,,,,SIM,,,,,,
10332,,,,,SIM,,,,,,,,,,,,,,,,,,,,,,,,,,,,,,,,,,,,,,,,,,,,,,,,,,,,,,,SIM,,,,,,,,,,,,,,,,
10333,,,,,,,,,,,,,,,SIM,,,,,,,,,,,,,,,,,,,,,,,,,,,,,,,,,,,,,,,,,,,,,,,SIM,,,,,,,SIM,,,,,,,
10334,,,,,,,,,,,,,,SIM,,,,,,,,,,,,,,,,,,,,,,,,,,,,,,,,,,,,,,,,,,,,,SIM,,,,,,,,,,,,,,,,,
10335,,,,,,,SIM,,,,,,,,,,,,SIM,,,,,,,,,,,,,,,,,SIM,SIM,,,,,,,,,,,,,,,,,,,,,,,,,,,,,,,,,,,,,,,
10336,,,,,,,,,SIM,,,,,,,,,,,,,,,,,,,,,,,,,,,,,,,,,,,,,,,,,,,,,,,,,,,,,,,,,,,,,,,,,,,
10337,,,,,,,,,,,,,,,,,,,,,SIM,,,,SIM,,,SIM,,,,,,,,,,,,SIM,,,,,,,,,,,,,,,,,,,,,,,,,,,,,,,,,,,,
10338,SIM,,,,,,,,,,,,,,,,,,,,,,,,,,,,,,,,,,,,,,,,SIM,,,,,,,,,,,,,,,,,,,,,,,,,,,,,,,,,,,
10339,SIM,,,,,,,,SIM,,,,,,,,,,,,,,,,,,,,,,,,,,,,,,,,,,,,,,,,,,,,,,,,,,,,,,,,,,,,,,,,,,,
10340,,,,,SIM,,,,,,,,,,,,,,,,,,,,,,,,SIM,,,,,,,,,,,,,,,,,,,,,,,,,,,,,,,,,,,,,,,,,,,,,,,
10341,,,,,,,,,,,,,,,,SIM,,,,,,,,,,,,,,,,,,,,,,,,,,,,,,,,,,,SIM,,,,,,,,,,,,,,,,,,,,,,,,,
10342,,,,,,,SIM,,,,,,,,,,,,SIM,,,,,,,,,SIM,,,,,,,,,,,,,,,,,,SIM,,,,,,,,,,,,,,,,,,,,,,,,,,,,,,
10343,,,,,,,,,,,,,,,,,,,,,,,,,,,,,,,,SIM,,,,,,,,,,,,,,,,,,,,,,,,,,,SIM,,,,,,,,,,,,,,,,SIM,
10344,,,,,,,,,SIM,,,,,,,,,,,,,,,,,,,,,,,,,,,,,,,,,SIM,,,,,,,,,,,,,,,,,,,,,,,,,,,,,,,,,,
10345,,,,,,,,,,,,,,,,,,,,,,,,,,,,,,,,,,,,,,,,,,SIM,,,,,,,,,,,,,,,,,,SIM,,,,,,,SIM,,,,,,,,,
10346,SIM,,,,,,,,,,,,,,,,,SIM,,,,,,,,,,,,,,,,,,,,,,,,,,,,,,,,,,,,,,,,,,,,,,,,,,,,,,,,,,
10347,,,SIM,,,,,SIM,,,,,,,,,,,,,,,,,,,,,,,,,,,,,,,,,,,SIM,,,,,,,,,,SIM,,,,,,,,,,,,,,,,,,,,,,,
10348,,,,,,SIM,,,,,,,,,,,,,,,,,,,,,,,,,,,,,,,,,,,,,,,,,,,,,,,,,,,,,,,,,,,,,,,,,,,,,,
10349,,,,,,,,,,,,,,,,,,,,,,,,,,,,,,,,,,,,,,,,,,,,,,,,,,,,,,,,,,,,,,,,,,,,,,SIM,,,,,,
10350,,,,,,,,,,,,,,,,,,,,,,,SIM,,,,,,,,,,,,,,,,,,,,,,,,,,,,,,,,,,,,,,,,,,,,,,,,,,SIM,,,
10351,,,,,,,,,,,,SIM,,,,,,,,,,,,SIM,,,,,,,,,,SIM,,,,,,,,,,,,,,,,,,,,,,,,,,,,,,,,,,,,,,,,,,
10352,,,,,,,,,,,,,,,,,,,,,,SIM,,,,,,,,,,,,,,,,,,,,,,,,,,,,,,,,,,,,,,,,,,,,,,,,SIM,,,,,,
10353,,,,,,,,,,,,SIM,,,,,,,,,,,,,,,,,,,,,,,,,,,,,,,,,,,,,SIM,,,,,,,,,,,,,,,,,,,,,,,,,,,
10354,,,,,,SIM,,,,,,,,,,,,,,,,,,,,,,,,,,,,,,,,,,,,,,,,,,,,,,,,,,,,,,,,,,,,,,SIM,,,,,,,,
10355,,,,,,,,,,,,,,,,,,,,,,SIM,,,,,,,,,,,,,,,,,,,,,,,,,,,,,,SIM,,,,,,,,,,,,,,,,,,,,,,,,
10356,,,,,,,,,,,,,,,,,,,SIM,,,,SIM,,,,,,,,,,,,,,,,,,,,,,,SIM,,,,,,,,,,,,,,,,,,,,,,,,,,,,,,
10357,,,,SIM,,,,,,,,,,,,,,,,,,,,,SIM,,SIM,,,,,,,,,,,,,,,,,,,,,,,,,,,,,,,,,,,,,,,,,,,,,,,,,
10358,,,,,,,,,,,,,,,,,,,,,,SIM,,,,,,SIM,,,,,,,,,,,,,,,,,,,,,,,,,,,,,SIM,,,,,,,,,,,,,,,,,,,
10359,,,,SIM,,,,,,,,,,,,,,,SIM,,,,,,,,,,,,,,,,,,,,,,,,,,,,SIM,,,,,,,,,,,,,,,,,,,,,,,,,,,,,
10360,,,,,,,,,,,,SIM,,,,,,,,,,,,,,,,,,,,,,,,,,SIM,,,,,,,,,,,,,,,,,,SIM,,,,,,,,,,,,SIM,,SIM,,,,,,
10361,,,,SIM,,,,SIM,,,,,,,,,,,,,,,,,,,,,,,,,,,,,,,,,,,,,,,,,,,,,,,,,,,,,,,,,,,,,,,,,,,,
10362,,,,,,,,,,,,,,,,,,,,,,,,,,,,,,,,,,,,SIM,,,,,,,SIM,,,,,,,,,,,,,,,,,,,,,,,,,,,SIM,,,,,,
10363,,,,,,,,,,,,,,,,,,,SIM,,,,,,,,,,,,,SIM,,,,,,,,,,,,,,,,,,,,,SIM,,,,,,,,,,,,,,,,,,,,,,,
10364,,,,,,,,,,,,,,,SIM,,,,,,,,SIM,,,,,,,,,,,,,,,,,,,,,,,,,,,,,,,,,,,,,,,,,,,,,,,,,,,,,
10365,,,,,,,,,,,,,,,,,,,,,,,,,,,,,,,,,,,,,,,,,,,,,,,,,SIM,,,,,,,,,,,,,,,,,,,,,,,,,,,
10366,,,,,,,,,,,,,,,,,,,,,,,,,,,,,,,,,,SIM,,,,,,,,,,SIM,,,,,,,,,,,,,,,,,,,,,,,,,,,,,,,,
10367,,,,,,,,,,,,,,,,,,,,,,,,,,,,,,,,,,SIM,,,,,,,,,,SIM,,,,,,,,,,,,,SIM,,,,,,,,,,,,,SIM,,,,,,
10368,,,,,,,,,,,,,,,,,,,,,,,,,,,,,,,,,,,,,,,,,,,,,,,,,,,,SIM,,,,SIM,,,,,,SIM,,,,,,,,,,,,,SIM,
10369,,,,,,,,,,,,,,,,,,SIM,,,,,,,,,,,,,,,,,,,,,,,,,,,,,,,,,,,,,,,,,,,,,,,,,,SIM,,,,,,,,
10370,,,,,,SIM,,,,,,,,,,,,,,,,,,,,,,,,,,,SIM,,,,,,,,,,,,,,,,,,,,,,,,,,,,,,,,,,,,,,,,,,SIM,
10371,,,,,,,,,,,,,,,,,,,,,,,,,,,,SIM,,,,,,,,,,,,,,,,,,,,,,,,,,,,,,,,,,,,,,,,,,,,,,,,
10372,,,,SIM,,,,,,,,SIM,,,,,,,,,,,,,,,,,,,,,,,,,,,,SIM,,,,,,,,,,,,,,,,,,,,,SIM,,,,,,,,,,,,,,,
10373,,,,,,,,,,,,,SIM,,SIM,,,,,,,,,,,,,,,,,,,,,,,,,,,,,,,,,,,,,,,,,,,,,,,,,,,,,,,,,,,,,
10374,,,,,,,,,,,,,SIM,,,,,,SIM,,,,,,,,,,,,,,,,,,,,,,,,,,,,,,,,,,,,,,,,,,,,,,,,,,,,,,,,,
10375,,,,,,,,,,,,,,,,,,,,,,,,,,,,,,,,,,,,,,,,,,,,,,,,,,,,,,,,,,,,,,,,,,,,,SIM,SIM,,,,,,
10376,,,,,,,,,,,,,,,,,,,SIM,,,,,,,,,,,,,,,,,,,,,,,,,,,,,,,,,,,,,,,,,,,,,,,,,,,,,,,,,
10377,,,,,,,,SIM,,,,,,,,,,,,,,,,,,,,,,,,,,,,,,,,,,,,,,,,,,,,,,,,SIM,,,,,,,,,,,,,,,,,,,,
10378,,,,,,,,,,,,,,,SIM,,,,,,,,,,,,,,,,,,,,,,,,,,,,,,,,,,,,,,,,,,,,,,,,,,,,,,,,,,,,,
10379,,,,,,,,,,,,,,,,,,,,,,,,,,,,,,,,,,SIM,,,,,,,,,,,,,,,,,,,,,,,,,,,,,,,,,,,,,,,,,,
10380,,,,SIM,,,,,,,,,,,,,,,,,,,,,,,,,,,,,,,,,,,,,SIM,,,,SIM,,,SIM,,,,,,,,,,,,,,,,,,,,,,,,,,,,
10381,,,,,,,,,,,,,,,,,,,,,,,,,,,,,,,,,SIM,,,,,,,,,,,,,,,,,,,,,,,,,,,,,,,,,,,,,,,,,,,
10382,,,,,SIM,,,,,SIM,,,,,,SIM,,,,,,,,,,,,,,,,,SIM,,,,,,,,,,,,,,,,,,,,,,,,,,,,,,,,,,,SIM,,,,,,,,
10383,,,,,,,,,,,,,,,,,,SIM,,,,,,,,,,,,,SIM,,,,,,,,,,,,,,,,,,,,,,,,,,,,,,,,,,,,,,,,,,SIM,,,
10384,,,,SIM,,,,,,,,,,,,,,,,,,,,,,,,,,,,,,,,,,,,,,,,,,,,,,,,,,,,,,,,,SIM,,,,,,,,,,,,,,,
10385,,,,SIM,,,,,,,,,,,,,,,,,,,,,,,,,,,,,,,,,,,,,,,,,,,,,,,,,,,,,,,SIM,,,,,,,,,,,,,SIM,,,,
10386,,,,,,,,,,,,,,,,,,,,,,SIM,,,,,,,,,,,,,,,,,,,,,,,,,,,,,,,,,,,SIM,,,,,,,,,,,,,,,,,,,
10387,,,,,,,,,,,,,,,SIM,,,,,,,SIM,,,,,,,,,,,,,,,,,,,,,,,,,,,,,SIM,,,,,SIM,,,,,,,,,,,,,,,,,,,,
10388,,,,,,,,,,,,,,SIM,,,,,,,,,,,,,,,,,,,,,,,,,,,,,,,,,,SIM,,,,,,,SIM,,,,,,,,,,,,,,,,,,,,,
10389,,,,,,,,,,,,,,,,,,,,,,,,,,,SIM,,,,,,,,,,,,,,,,,,SIM,SIM,,,,,,,,,,,,,,,,,,,,,,,,,,,,,,
10390,,,,,,,,,,,,,,,,,,,SIM,,,,,,,,,,,,,,,,,,,,,SIM,,,,,,,,,,,,,,,,,,,,,,,,SIM,,,,,,,,,,,,
10391,,,,,,,,,,,,,,,,,,,,,,,,,,,,,,,SIM,,,,,,,,,,,,,,,,,,,,,,,,,,,,,,,,,,,,,,,,,,,,,
10392,,,,,,,,,,,,,,,,,,,,,,,SIM,,,,,,,,,,,,,,,,,,,,,,,,,,,,,,,,,,,,,,,,,,,,,,,,,,,,,
10393,,,,,,,SIM,,,,,,,,,,,,SIM,,,,,,SIM,,,,,,,,,,,,,,,,,,SIM,,,,,,,,,,,,,,,,,,,,,,,,,,SIM,,,,,,,
10394,,,,,,,,,,,,,,,,,,,,,,,,,,,,,,,SIM,,,,,,,,,,,,,,,,,,,,,,,,,,,,,,,,,,,,,,,,,,,,,
10395,,,,,,,,,,,,,,,,,,,,,,,SIM,,,,,,,,,,,,,,,,,,,,,,,,,SIM,,,,,,,,,,,,,,,,SIM,,,,,,,,,,,,
10396,,,,,,,,,,,,,,,SIM,,,,,,,,,,,,,,,,,,,,,,,,,SIM,,,,,,,,,,,,,,,,,,,,,,,,,,,,,,,,,,,,
10397,,,,,,,,,,,,,,,,,,,,,,,,,,,,,,,,,,,,SIM,,,,,,,,,,,,,,,,,,,,,,,,,,SIM,,,,,,,,,,,,,,
10398,,,,,,,,,,,,,,,,,,,,,,,,,,,,,,,,,,,,,,,,,,,,,,SIM,,,,,,,,,,,,,,,,,,,,,,,,,,,,,,
10399,,,,,,,,,,,,,,,SIM,,,,,,,,,,,,,,,,,SIM,,,,,,,,,,,,SIM,,,,,,,,,,,,,,,SIM,,,,,,,,,,,,,,,,,
10400,,,,,,,,,,,,,,,,,,,,,,,,,,,,,,,,,,,,,,SIM,,,,,,,,,,,,,,,,,,,,,,,,,,,,,,SIM,,,,,,,,
10401,,,,,,,,,,,,,,,SIM,,,SIM,,,,,,,,,,,,,,,,SIM,,,,,,,SIM,,,,,,,,,,,,,,,,,,,,,,,,,,,,,,,,,,,
10402,,,,,,,,,,,,,,,,,,,,,,,,,,,,,,,,,,,,,,,,,,,,,,,,,,,,,,,,,,,,,,,,,,,,,,,,,,,,
10403,,,,,,,,,,,,,,,,,,,,,,,,,,,,,,,,,,,,,,,,,,,,,,,SIM,,,,,,,,,,,,,,,,,,,,,,,,,,,,,
10404,,,,,,,,,,,,,,,,,,,,,,,,,SIM,,,,,,,,,,,,,SIM,,,,,,,,,,,,,,,,,,,,,,SIM,,,,,,,,,,,,,,,,
10405,,SIM,,,,,,,,,,,,,,,,,,,,,,,,,,,,,,,,,,,,,,,,,,,,,,,,,,,,,,,,,,,,,,,,,,,,,,,,,,
10406,,,SIM,,,SIM,,,,,,,,,,,,,,,,,,,,,,SIM,,,,,,,,,,,,,,,,,,,,,,,,,,,,SIM,,,,,,SIM,,,,,,,,,,,,,,
10407,,,,,,,,,,,,,,,SIM,,,,,,,,SIM,,,,,,,,,,,,,,,,,,,,,,,,,,SIM,,,,,,,,,,,,,,,,,,,,,,,,,,,
10408,,,,,,,,,,,,,,,,,,,,,SIM,,,,,,,,,,,,,,,,,,,,,,,,,,,,,,,,,,,,,,,,,,,,,,,,,SIM,,,,,,
10409,,,,,,,,,,,,,,,,,,,,,,,,,,,,,,,,,,,,,,,,,,,,,,,,,,,,,,,,,,,,,,SIM,,,,,,,SIM,,,,,,,
10410,,,,,,,,,,,,,,,,SIM,,,,,,,,,,,,,,,,,,,,,,,,,,,,,,,,,,,SIM,,,,,,,,,,,,,,,,,,,,,,,,,
10411,,,,,,,,,,,,,,,,,,,,,,,,SIM,,,,,,,,,,,,,,,,,,,,,,,,,,,SIM,,,,,,,,,,,,,,,,,,,,,,,,,
10412,,,,,,,,,,,,,,,,,,,,,,,,,,,,,,,,,,,,,,,,,,,,,,,,,,,,,,,,,,,,,,,,,,,,,SIM,,,,,,,
10413,,,,,,SIM,,,,,,,,,,,,,,,,,,,,,,,,,,SIM,,,,,,,,,,,,,,,,,,,,,,,,,,,,,,,,,,,,,,,,,,,,
10414,,,,,,,,,,,,,,,,SIM,,,,,,,,,,,,,,,,,,,,,,,,,,,,,,,,,,,,,,,,,,,,,,,,,,,SIM,,,,,,,,,
10415,SIM,,,,,,,,,,,,,,,SIM,,,,,,,,,,,,,,,,,,,,,,,,,,,,,,,,,,,,,,,,,,,,,,,,,,,,,,,,,,,,
10416,,,,,,,,,,,,,,,,,,,,,,,,,,,,,,,,,,,,,,,,,,,,,,,,SIM,,,,SIM,,,,,,,,,,,,,,,SIM,,,,,,,,,
10417,,,,,,,,,,,,SIM,,,,,,,,,,,,,,,,,,,,,,,,,,,,,,,,SIM,,,,,,,,,,,,,,,SIM,,,,,SIM,,,,,,,,,,,,
10418,,,,,,,SIM,,,,,,,,,,,,,,,,,,,,,,,,,,SIM,,,,,,,,,,,,,,,,,,,,,,,,,,,,,,,,,,,,,,,,,,,
10419,,,,SIM,,,,,,,,,,,,,,,,,,,SIM,,,,,,,,,,,,,,,,,,,,,,,,,,,,,,,,,,,,,,,,,,,,,,,,,,,,,
10420,,,,,,,,,,,,,,,,,,,,,,,,,,,,,,,SIM,,,,,,,,SIM,,,,,,SIM,,,,,,,,,SIM,,,,,,,,,,,,,,,,,,,,,,
10421,,,,,,,,,,,,,,,,,,,,,,,,,SIM,,,,,,,,,,,,,,,,,,,SIM,,,,SIM,,,,,,,,,,,,,,,,,,,SIM,,,,,,,,,
10422,,,,,,,,,,,,,,,,,,,,,,,,,SIM,,,,,,,,,,,,,,,,,,,,,,,,,,,,,,,,,,,,,,,,,,,,,,,,,,,
10423,,,,,,,,,,,,,,,,,,,SIM,,,,,,,,,,,,,,,,,,,,,,,,,,,,,,,,SIM,,,,,,,,,,,,,,,,,,,,,,,,,
10424,,,,,,,,,,,,SIM,,,,,,,,,,,,,,,,,,,,,,,,,,,,,,,,,,,,,,,,,,,,,,,SIM,,,,,,,,,,,,,,,,,
10425,,,,,,,,,,,,,,,,,,,,,,,,,,,,,,,,SIM,,,,,,,,,,,,,,SIM,,,,,,,,,,,,,,,,,,,,,,,,,,,,,,
10426,,,,,,,,,,,,,,,,,,SIM,,,,,,,,,,,,,,,,,,,,,,,,,,,,,,,,,,,,,,,,,,,,,,,,,,,,,,,,,SIM,
10427,,,,,,,,,,,,,,,,,,,,,,,,,,,,,,,,,,,,,,,,,,,,,,,,,,,,,,,,,,,,,,,,,,,,,SIM,,,,,,,
10428,,,,,,,,,,,,,,,,,,,,,,,,,,,,,,,,,,,,,,,,,,,,,,,,,,,,,,,,,,,,,,,,SIM,,,,,,,,,,,,
10429,,,,,,,,,,,,,,,,,,,,,,,,,,,,,,,,,,,,,,,,,,,,,,,,,,,,,,,,,,,,,,,,,,,,,,,,,SIM,,,
10430,SIM,,,,,,,,,,,,,,,,,SIM,,,,,,,,,,,,,,,,,,,,,,,,,,,,,,,,,SIM,,,,,,,,,,,SIM,,,,,,,,,,,,,,
10431,SIM,,SIM,,,,,,,,,,,,,,,,,,,,,,,,,,,,,,,,,,,,,,,,,,,,,,,,,,,,,,,,,,,,,,,,,,,,,,,,,
10432,,,,,,,,,,,,,,,,,,,,,,,,,SIM,,,,,,,,,,,,,,,,,,,,,,,,,,,,,,,,,,,,,,,,,,,,,SIM,,,,,,
10433,,,,,,,,,,,,,,,,,,SIM,,,,,,,,,,,,,,,,,,,,,,,,,,,,,,,,,,,,,,,,,,,,,,,,,,,,,,,,,,
10434,,,,,,,,,,,,,,,,,,,,,,,,,,,,,,,,SIM,,,,,,,,,,,,,,,,,SIM,,,,,,,,,,,,,,,,,,,,,,,,,,,
10435,,,,,,,SIM,,,,,,,,,,,,,,,,,,,SIM,,,,,,,,,,,,,,SIM,,,,,,,,,,,,,,,,,,,,,,,,,,,,,,,,,,,,
10436,,,,,,,,,,,,,,,,,,SIM,,,,,,,,,,,,,,,,,,,,,,,,,,,,,,,,,,,SIM,,,,,,,,,,,SIM,,,,,,,,,,,SIM,
10437,,,,,,,,,,,,,,,,,,,,,,,,,,,,,,,,,,,,,,,,,,,,,,,,SIM,,,,,,,,,,,,,,,,,,,,,,,,,,,,
10438,,,,,,,,,,,,,,,,,,,,,,,,,,,,,,,,,,,,,,,,,,,,,,,,,,,,SIM,,,,,SIM,,,,,,,,,,SIM,,,,,,,,,
10439,,,,,,,,,,,,,,,,,,,,,,,,,,,,,,,,,SIM,,,,,,,,,,,,,,SIM,,,SIM,,,,,,,,,,,,,,,,,,,,,,,,,SIM,
10440,,,,,,,SIM,,,,,,,,,,,,,,,,,,,,,,,,,,,,,,,,,,,,,,,,SIM,,,,,,,,,,,,,,,,,,,,,SIM,,,,,,,,
10441,,,,,,,,,,,,,,,,,,,,,,,,,,,,,,,,,,,,,,,,,,,,,,,,,,,,,,,,,,SIM,,,,,,,,,,,,,,,,,,
10442,,,,,,,,,,,,,,,,,,,,,,,,,,,,,,,,,,,SIM,,,,,,,,,,,,,,SIM,,,,,,,,,,,,,,,,,,,,,SIM,,,,,,
10443,,,,,,,,,,,,,,,,,,,,,,,,,,,,,,,,,,,,,,,,,,,,,,,,,SIM,,,,,,,SIM,,,,,,,,,,,,,,,,,,,,
10444,SIM,,,,,,,,,,,,,,,,,,,,,,,,SIM,,,,,,,,,,,,,,,,,,,,,,,,,,,,,,,,,,,,,,,,,,,,,,,,,,,
10445,,,,,,,,SIM,,,,,,,,,,,,,,,,,,,,,,,,,,,,,,,,,,,,,,,,,,,,,,,,,,,,,,,,,,,,,,SIM,,,,,,
10446,,,,,,,,,,,,,,SIM,,,,,SIM,,,SIM,,,,,,,,,,,,,,,,,,,,,,,,,,,,,,,,,,,,,,,,,,,,,SIM,,,,,,,,,
10447,,,,,,,,,,,,,,,SIM,,,,,,,,,,,,,,,,,,,SIM,,,,,,,,,,,,,,,,,,,,,,,,,,,,,,,,,SIM,,,,,,,,,
10448,,,SIM,,,,,,,,,,,,,,,,,,,,,,SIM,,,,,,,,,,,,,,,,,,,,,,,,,,,,,,,,,,,,,,,,,,,,,,,,,,,
10449,,,,,,,,,,,,,,SIM,,,,,,,,,,,,,SIM,,,,,,,,,,,,,,,,,,,,,,,,,,,,,,,,,,,,,,,,,,,,,,,,,
10450,,,,,,,,,,,,,,,,,,,,,,,,,,,SIM,,,,,,,,,,,,,,,,,,,,,,,,,,,,,,,,,,,,,,,,,,,SIM,,,,,,
10451,,,,,,,,,,,,,,,,,,,,,,,,,,,,,,,,,,SIM,,,,,,,,,,SIM,,SIM,,,,,,,,,,,,,,,,,,,,,,,,,,,,,SIM,
10452,,,,,,,,,,,,,,,,,,,,,,,,SIM,,,,,,,,,,,,,,,,,,,,,,,,,,,,,,,,SIM,,,,,,,,,,,,,,,,,,,,
10453,,,,,,,,,,,,,,,,,,,,,,,,,,,,,,,,,,,,,,,,,,,,,SIM,,,,,,,,,,,,,,,,,,,,,,,,,,,,,,,
10454,,,,,,,,,,,,,,,,SIM,,,,,,,,,,,,,,,,,,,,,,,,,,,,,,,SIM,,,,,,,,,,,,,,,,,SIM,,,,,,,,,,,,
10455,,,,,,,,SIM,,,,,,,SIM,,,,,,,,,,,,,,,,,,,,,,,,,,,,,,,,,SIM,,,,,,,,,,,,,,,,,,,,,,,,,,,,
10456,,,,,,,,,,,,,,,,,,,,,,,,,,,,,,,,,,,,,,SIM,,,,,,,,,,,,,,,,,,,,,,,,SIM,,,,,,,,,,,,,,
10457,,,,,,,,,,,,,,,,,,,,,,,,,,,,,,,,,,,,,,,,,,,,,,,,,,,SIM,,,,,,,,,,,,,,,,,,,,,,,,,
10458,,,,,,,,,,,,,,,SIM,,,SIM,,,,,,,SIM,,,,SIM,,,,,,,,,,,,,,,,,,,,,,,,,,,SIM,,,,,,,,,,,,,,,,,,,,
10459,,,,,,,,,,,,,,,,,,,,,,,,,,,,,,,,,,,,,,,,SIM,,,,,,,,,,,,,,,,,,,,,,,,SIM,,,,,,,,SIM,,,,
10460,,,,,,,,,,,,,,,,,,,,,,,,,,,,,,,,,,,,,,,,,,,,,,,,,,,,,SIM,,,,,,SIM,,,,,,,,,,,,,,,,,
10461,,,,,,,,,,,,,,,,,,,,,,,,,,,,,,,,,,,,,,,,,SIM,,,,,SIM,,,,,,,,,,,,,,,,SIM,,,,,,,,,,,,,,
10462,,,,,,,,,,,,,,,,,,,,,,,,,,,,,,,SIM,,,,,,,,,,,,,,,,,,,,,,,,,,,,,,,,,,,,,,,,,,,,,
10463,,,,,,,,,,,,,,,,,,,,,,,,,,,,,,,,,,,,,,,,,,,,,,,,,,,,,,,,,,,,SIM,,,,,,,SIM,,,,,,,,,
10464,,,,SIM,,,,,SIM,,,,,,,,,SIM,,,,,,,,,,,SIM,,,,,,,,,,,,,,,,,,,,,,,,,,,,,,,,,,,,,,,,,,,,,,,
10465,,,SIM,,,,,,,,,,,,,,,,,,,SIM,,,,,,,,,,,,,,,,,,,,,,,,,,,,,,,,,SIM,,,,,,,,,,,,,SIM,,,,,SIM,,,
10466,,,,,,,,,,,,,,,,,,,,,,,,,,,,,,,,,,,,,,,,,,,,,,,,,SIM,,,,,,,,,,,,,,,SIM,,,,,,,,,,,,
10467,,,,,,,,,,,,,,,,,,,,,,SIM,,,,,,,,,,,,,,,,,,,,,SIM,,,,,,,,,,,,,,,,,,,,,,,,,,,,,,,,,
10468,,,,,,,,,,,,,,,,,,,,,,,,,,,,,SIM,,,,,,,,,,,,SIM,,,,,,,,,,,,,,,,,,,,,,,,,,,,,,,,,,,
10469,,,,,,,SIM,,,,,,,,,,,,,,,,,SIM,,,,,,,,,,,,,,,,,,,,,,,SIM,,,,,,,,,,,,,,,,,,,,,,,,,,,,,
10470,,,,,SIM,,,,,,,,,,,,,,,,,,,,,,,,,,,,,,,,,,,,,,,,,,,,,,,,,,,,,,,,,,,,,,,,,,,,,,SIM,
10471,,,,,,,,,,,,,,,,,,SIM,,,,,,,,,,,,,,,,,,,,,,,,,,,,,,,,,,,,,,,,,,,,,,,,,,,,,,SIM,,,,
10472,,,,,,,,,,,,,,,,,,,,,,SIM,,,,,,,,,,,,,,SIM,,,,,,,,,,,,,,,,,,,,,,,,,,,,,,,,,,,,,,,,
10473,,,,,,,,,,,,,,,SIM,SIM,,,,,,,,,,,,,,,,,,,,,,,,,,,,,,,,,,,,,,,,,,,,,,,,,,,,,,,,,,,,
10474,,,SIM,,,,,,,,,,,,,,,,,,,,,,,,,,,,,,,,,,,,,,,,,,,,,,,,,,SIM,,,SIM,,,,,,,,,,,,,SIM,,,,,,,
10475,,,,,,,,,,,,,,,,,,,SIM,,,,,,,,,,,,,SIM,,,SIM,,,,,,,,,,,,,,,,,,,,,,,,,,,,,,,,,,,,,,,,,
10476,,,,,,,,,,,,,,,,,,,,,,,,,,,,,,,,,,,,,,,,,,,,,SIM,SIM,,,,,,,,,,,,,,,,,,,,,,,,,,,,,,
10477,,,,,,SIM,,SIM,,,,,,,,,,,,,,,,,,,,,,,,,,,,,,,,,,,,,,,,,,,,,,,,,,,,,,SIM,,,,,,,,,,,,,,
10478,,,,,,,,,,,,,,,,,,,,,,,,,,,SIM,,,,,,,,,,,,,,,,,,,,,,,,,,,,,,,,,,,,,,,,,,,,,,,,,
10479,,,,,,,,,,,,SIM,,,,,,,,,,,,,,,,,,,,,,,,,,,,,,,,,,,,SIM,,,SIM,,,,,,,,,,,,,,,,,,,,,,,,SIM,
10480,,,,,,,,,,,,,,,,,,,,,,,,,,,,,,,,,,,,,,,,,,,,,,,,,,,SIM,,,,,,,,,,,,,,,,,,,,,,,,,
10481,,,,SIM,,,,,,,,,,,,,,,,,,,,,,,,,,,,,,,,,,SIM,,,,,,,,,,,,,,,,,,,,,,,,,,,,,,,,,,,,,,
10482,,,SIM,,,,,,,,,,,,,,,,,,,,,,,,,,,,,,,,,,,,,,,,,,,,,,,,,,,,,,,,,,,,,,,,,,,,,,,,,
10483,,,,,,,,,,,,,,,,,,,,,,,,,,,,,,,,,,,,,,,,,,,,SIM,,,,,,,,,,,,,SIM,,,,,,,,,,,,,,,,,,,
10484,,,SIM,,,,,,,,,,,,,,,,,,,,,,,,,,,,,,,,,SIM,,,,,,,,,,,,,,,,,,,,,,,,,,SIM,,,,,,,,,,,,,,
10485,,SIM,,,,,SIM,,,,,,,,,,,,,,,,,,,,,,,,,,,,,,,,,,,,,,SIM,SIM,,,,,,,,,,,,,,,,,,,,,,,,,,,,,,
10486,,,,,,,,,,,,,,,,,,,,,,,,,,,,,,,,,SIM,,,SIM,,,,,,,,,,,,,SIM,,,,,,,,,,,,,,,,,,,,,,,,,,,
10487,,,,,,,,,,,,,,,,,,,,,,,,,SIM,,,,,,,,,,,,,,,,,,,,,,,,,,,,,,,,,,,,,,,,,,SIM,,,SIM,,,,,,
10488,,,,,,,,,,,,,,,,,,,,,,,,,,,,,,,,,,,,,,,,,,,,,,,,,,,SIM,,,SIM,,,,,,,,,,,,,,,,,,,,,,
10489,,,,,,,,,,,,,,,,,,,,,,,,,,,,,,,,,,,,,,,,,,,,,,,SIM,,SIM,,,,,,,,,,,,,,,,,,,,,,,,,,,
10490,,,,,,,,,,,,,,,,,,,,,,,,,,,,,,,,,,,,,,,,,,,,,,,,,,,SIM,,SIM,,,,,,SIM,,,,,,,,,,,,,,,,,
10491,,,,,,,,,,,,,,,,,,,,,,,,SIM,,,,,,,,,,,,,,,,,,,,SIM,,,,,,,,,,,,,,,,,,,,,,,,,,,,,,,,
10492,,,,,,,,,,,,,,,,,,,,,,,,,,,,,,,,,,,,,,,,,,,SIM,,,,,,,,,,,,,,,,,SIM,,,,,,,,,,,,,,,,
10493,,,,,,,,,,,,,,,,,,,,,,,SIM,,,,,,,,,,,SIM,SIM,,,,,,,,,,,,,,,,,,,,,,,,,,,,,,,,,,,,,,,,,
10494,,,,,,,,,,,,,,,,,,SIM,,,,,,,,,,,,,,,,,,,,,,,,,,,,,,,,,,,,,,,,,,,,,,,,,,,,,,,,,,
10495,,,,,,,,,,,,,,,,,,,,,,,,,,,,,,,,,,,,,,,,,,,,SIM,,,,,,,,,,,,,,,,,,,,,,,,,,,,,,,,
10496,,,,,,,,,,,,,,,,,,,SIM,,,,,,,,,,,,,,,,,,,,,,,,,,,,,,,,,,,,,,,,,,,,,,,,,,,,,,,,,
10497,,,,,,,,,,,,,,,,,,SIM,,,,,,,,,,,,,,,,,,,,,,SIM,,,,SIM,,,,,,,,,,,,,,,,,,,,,,,,,,,,,,,,
10498,,,SIM,,,,,,,,,,,,,,,,,,,SIM,,,,,,,,,,,,,,,,,,,,,,,,,,,,,,,,,,,,,,SIM,,,,,,,,,,,,,,,,
10499,,,,,,,,,,,,,,,,,,,,,,,,,,,,,,,,,,,,,,SIM,,,,,,,,,,,,,,,,,,SIM,,,,,,,,,,,,,,,,,,,,
10500,,,,,,,,,,,,,,,,,SIM,,,,,,,,,,,,,,,,,,,,,,,,,,,,,,,,,,,,,,,SIM,,,,,,,,,,,,,,,,,,,,
10501,,,,,,,,,,,,,,,,,,,,,,,,,,,,,,,,,,,,,,,,,,,,,,,,,,,,,,,,,,,,,,,,,,,,,,SIM,,,,,,
10502,,,,,,,,,,,,,,,,,,,,,,,,,,,,,,,,,,,,,,,,,,,,,,,,SIM,,,,,,,SIM,,,,,,,,,,,,,,,,,,,,,
10503,,,,,,,,,,,,,,,,,,,,,,,,,,,,,,,,,,SIM,,,,,,,,,,,,,,,,,,,,,,,,,,,,,,,,,,,SIM,,,,,,,
10504,,,,,,,SIM,,,,,,,,,,,,,,,,,,,,,,,,,,,,,,,,,,,,,,,,,SIM,,,,,,,,,,,,,,SIM,,,,,,,,,,,,,,
10505,,,,,,,,,,,,,,,,,,,,,,,,,,,,,,,,,,,,,,,,,,,,,,,,,,,,,,,,,,,,,,,,,,,,,,,,,,,,
10506,,,,,,,,,,,,,,,,,,,,,,,,,,,,,,,,,,,,,,,,,,,SIM,,SIM,,,,,,,,,,,,,,,,,,,,,,,,,,,,,,,
10507,,,,,,,,,,,,,,,,,,,,,,,,,,,,,SIM,,,,,,,,,,,,,,,,,,,,,,,,,,,,,,,,,,,,,,,,,,,,,,,
10508,,,,,,,,SIM,,,,,,,,,,,,,,,,,,,,,,,SIM,,,,,,,,,,,,,,,,,,,,,,,,,,,,,,,,,,,,,,,,,,,,,
10509,,,,,,,,,,,,,,,,,,,,,,,,,,,,,,,,,,,,,,,,,,,,,,,,,,,,,,,,SIM,,,,,,,,,,,,,,,,,,,,
10510,,,,,,,,,,,,,,,,,,,,,,,,,,,,,,,,,,,,,,,,,,,,,,,,,,,,,SIM,,,,,,,,,,,,,,,SIM,,,,,,,,
10511,,,,,,,,,SIM,,,,,,,,,,,,,,,,,,,,,,,,,,,,,,,,,SIM,,,,,,,,,,,,,,,,,,,,,,,,,,,,,,SIM,,,,
10512,,,,SIM,,,,,,,,,,,,,,,,,,SIM,,,,,,,,,,,,,,,,,,,,,,,,,,,,,,,,,,,,,,,,,,SIM,,,,,,,,,,,,
10513,,,,,,,,,,,,,,,,,,,,,,,,,,,,,,,,,,,,,SIM,,,,,,,,,,,,,,,,,,,,,,,,,SIM,,,,,,,,,,,,,,
10514,,,,,,,,,,,,,,,,,,SIM,,,,,,,,,,,,,,,,SIM,,,,,,,,,,,,,,,,,,,SIM,,,SIM,,,,,SIM,,,,,,,,,,,,,,,
10515,,,,SIM,,,,,,,,,,,,SIM,,,,,,,,,,,,,,,,,,,,,,,SIM,,,,,,,,SIM,,,,,,,,,,,SIM,,,,,,,,,,,,,,,,,,
10516,,,,,SIM,,,,,,,,,,,,,,,,,,,,,,,,,,,,,,,,,,,,,,,,,,,,,,,,,,,,,,,SIM,,,,,,,,,,,,,,,,
10517,,,,,,,,,,,,,,SIM,,,,,,,,,,,,,,,,,,,,,,,,,,,,,,,SIM,,,,,,SIM,,,,,,,,,,,,,,,,,,,,,,,,,
10518,,,,,,,,,,,,SIM,,,,,,,,,,SIM,,SIM,,,,,,,,,,,,,,,,,,,,,,,,,,,,,,,,,,,,,,,,,,,,,,,,,,,,
10519,,,,SIM,,,,,,,,,,,,,,SIM,,,,,,,,,SIM,,,,,,,,,,,,,,,,,,,,,,,,,,,,,,,,,,,,,,,,,,,,,,,,,
10520,,,,,,,,,,,,,,,,,,,,,,SIM,,,,,,,,,,,,,,,,,,,,,,,,,,SIM,,,,,,,,,,,,,,,,,,,,,,,,,,,,
10521,,,,,,,,,,,,,,,,,,,,,,,,,,,,,,,,,,,,,,,,,,,,,,,,,,,,,,,,,,,SIM,,,,,,,,,,,,,,,,,
10522,,,SIM,,,SIM,,,,,,,,,,,,,,,,,,,,,,,,,,,,,,,,,,,SIM,SIM,,,,,,,,,,,,,,,,,,,,,,,,,,,,,,,,,,
10523,SIM,,,,,,,,,,,,,,,,,,,,SIM,,,,,,,,,,,,,,,,,,,,,,,,,,,,,,,,,,,,,,,,SIM,,,,,,,,,,,,,,,
10524,,,,,,,,,,,,,,,,,,,,,,,,,,,SIM,,SIM,,,,,,,,,,,,SIM,,,,,,,,,,,,,,,,,,,,,,,,,,,,,SIM,,,,,,
10525,,,SIM,,,,,,,,,,,,,,,,,,,,,,,,,SIM,,,,,,,,,,,,,,,,,,,,,,,,,,,,,,,,,,,,,,,,,,,,,,,,
10526,,,,,,SIM,,,,,,,,,,,,SIM,,,,,,,,,,,,,SIM,,,,,,,,,,,,,,,,,,,,,,,,,,,,,,,,,,,,,,,,,,,,,
10527,,,,,,,,,SIM,,,,,,,,,,,,,,,,,,,SIM,,,,,,,,,,,,,,,,,,,,,,,,,,,,,,,,,,,,,,,,,,,,,,,,
10528,,,,,,,,,,,,,,,,SIM,,,,,,,,,,,,,,,,,,,,,,,,SIM,,,,,,,,,SIM,,,,,,,,,,,,,,,,,,,,,,,,,,,
10529,,,,,,,,,,,,,,,,,,,,,,,SIM,,,,,,,,,,,,,,,,,,,,,,,SIM,,,,,,,,,,,,,SIM,,,,,,,,,,,,,,,,,
10530,SIM,,,,,,,,,,,,,,,,,,,,,,,,,,,,SIM,,,SIM,,,,,,,,,,,,,,,,,,,,,,,,,,,,,,,,,,,,,,,,,,,,
10531,,,,,,,,,,,,,,,,,,,,,,,,,,,,,,,,,,,,,,,,,,,,,,,,,,,SIM,,,,,,,,,,,,,,,,,,,,,,,,,
10532,,,,,,,,,,,,,,,,,,,,,,,,,,,,,,,,,,,SIM,,,,,,SIM,,,,,,,,,,,,,,,,,,,,,,,,,,,,,,,,,,,
10533,,,,,,,,,SIM,,,,,,,,,,,,,,,,,,,,,,,,,,,,,,,SIM,,,,,,,,,,,,,,SIM,,,,,,,,,,,,,,,,,,,,,,
10534,,,SIM,,,,,,,,,,,,,,,,,,,,,,,,,,,,,,,,,,,,,,SIM,,,,,,,,,,,,,,,,,,,,,,,,,,,,,SIM,,,,,,
10535,,,SIM,,,,,,,,,,,,,,,,,,,,,,,,,,,,,,,,,,,,,,,,,,,,,,SIM,,SIM,SIM,,,,,,,,,,,,,,,,,,,,,,,,
10536,,,,SIM,,,,,,,,,,,,SIM,,,SIM,,,,,,,,,,,,,,,,,,,,,,,,,,,,,,,SIM,,,,,,,,,,,,,,,,,,,,,,,,,,
10537,,,,,,,,,,,,,SIM,,,,,,SIM,,,,,,,,,,,,,,,,,SIM,,,,SIM,,,,,,,,,,,,,,SIM,,,,,,,,,,,,,,,,,,,,,,
10538,,,,,,,,,,,,,,,,,,,,,,,,,,,,,,,,,,,,,,,,SIM,,,,,SIM,,,,,,,,,,,,,,,,,,,,,,,,,,,,,,,
10539,,,,,,,,,,,,,,,,SIM,,,,,,,,,,,,,,,SIM,,,,,,,SIM,,,,,,,,,,,,,,,,,,,,,,,,SIM,,,,,,,,,,,,,,
10540,,SIM,,,,,,,,,,SIM,,,,,,,,,,,,,SIM,,,,,,,,,,,,,,,,,,,,,,,,,,,,,,,,,,SIM,,,,,,,,,,,,,,,,,
10541,,,,,,,,,,,,SIM,,,SIM,,,,,,,SIM,,,,,,,,,,,,SIM,,,,,,,,,,,,,,,,,,,,,,,,,,,,,,,,,,,,,,,,,,
10542,,,,,,,,,,,,,,,,,,,,,,,,,,,,,,,,,,,,,,,,,,,,,,,,,SIM,,,,,,,,,,,,,,,,,,,,,SIM,,,,,,
10543,,,,,,,,,,,,,,,,,,,,,,,,,,,,,,,,,,,,,,,,,,,,,,,,,,SIM,,,,,,,,,,,,,,,,,,,,,,,,,,
10544,,,,,,,,,,,,,,,,,,,,,,,,,,,,,,,,,,,,,,,,,,,,,,,,,,,,,,,,SIM,,,,,,,,,,,,,,,,,,,,
10545,,,,,,,,,,,,,,,,,,,,,,,,,,,,,,,,,,,,,,,,,,,,,,,,,SIM,,,,,,,,,,,,,,,,,,,,,,,,,,,
10546,,,,,,,,,,,,,,,,,,,,,,,,,,,,,,,,,,,,,,,,,,,,,,,,,,,,,,,,,,,,,,,,,,,,,,,,SIM,,,,
10547,,,,,,,,,,,,,,,,,,,,,,,,,,,,SIM,,,,,,,,,SIM,,,,,,,,,,,,,,,,,,,,,,,,,,,,,,,,,,,,,,,
10548,,,,,,,,,,,,,,,,,,,,,,,,,,,,,,,,,,,,,,,,,,,,,,,,,,,,,,,,,SIM,,,,,,,,,,,,,,,,,,,
10549,,,,,,,,,,,,,,,,,,,SIM,,,,,,,,,,,,,,,,,SIM,,,,,,,,,,,,,,,,,,,SIM,,,,,,,,,,,,,,,,,,,,,
10550,SIM,,,,,,,,,,,,,,,,,,,,,,,,,,,,,,,,,,,,,,,,,,,,,,,,,,,,,,,,,,,,,SIM,,,,,SIM,,,,,,,,,
10551,,,,,,,,,,,,,,,,,,,,,,,,SIM,,,,,,,,,,,,,,,,,,,,,,,SIM,,,,,,,,,,,,,,,,,,,,,,,,,,,,,
10552,,,,,,,,,,,,,,,,,,,,,,,SIM,,,,,,,,,,,,,,,,,,,,,,,,,,,,,,SIM,,,,,,,,,,,,,,,,,,,,,,,
10553,,,,,,,,,,,,,,,,,,,SIM,,,,,,,SIM,,,,,,,,,,,,,,,,,,,,,SIM,,SIM,,,,,,,,,,,,,,,,,,,,,,,,,,,
10554,,,,,,,,,,,,,,,,,,,,,,,,,,,,,,,,,,,,,,,,,,,,SIM,,,SIM,,,,,,,,,,,,,,,,,,,,,,,,,,,,,
10555,,,,,,,,,,,,,,,,,,SIM,,,,SIM,,,,,,,,,,,,,,SIM,,,,,,,,,,,,,,,,,,,,,,,,,,,,,,,SIM,,SIM,,,,,,,
10556,,,,,,,,,,,,,,,,,,,,,,,,,,,,,,,,,,,,,,,,SIM,,,,,,,,,,,,,,,,,,,,,,,,,,,,,,,,,,,,
10557,,,,,,,,,,,,,,,,,,,,,,,,,,,,,,,,,,,,,,,,,,,,,,,,,,,,,SIM,,,,,,,,,,,,,,,,,,,,,,SIM,
10558,,,,,,,,,,,,,,SIM,,,,,,,,,,,,,,,,,,,,,,SIM,,,,,,,,,,,,SIM,,,,,,SIM,,,,,,,,,,,,,,,,,,,,,,
10559,,,,,,,,,,,,,,,,,,,,,,,,,,,,,,,,,,,,,,,,,,,,,,SIM,,,,,,,,,,,,,,,,,,,,,,,,,,,,,,
10560,,,,,,,,,,,,,,,,,,,,,,,,,,,,,,,,,,,,,,,,,SIM,,,,,,,,,,,,,,,,,,,,,,,,,,,,,,,,,,,
10561,,,,,,,,,,,,,,,,,,,,,,,,SIM,,,,,,,,,,,,SIM,,,,,,,,,,,,,,,,,,,,,,,,,,,,,,,,,,,,,,,,
10562,,,,,,,,,,,,,,,,SIM,,,,,,,,,,,,,,,,,,,,,,,,,,,,,,,,,,,,,,,,,,,,,,,,,,,,,,,,,,,,
10563,,,,,,,,,,,,,,SIM,,,,,,,,,,,,,,SIM,,,,,,,,,,,,,,,,,,,,,,,,,,,,,,,,,,,,,,,,,,,,,,,,
10564,SIM,,,,,,,,,,,,,,,,,,SIM,,,,,,,,,,,,,,,,,,,,,,,,,,,SIM,,,,,,,,,,,,,,,,,,,,,,,,,,,,,,
10565,,,,,,,,,,,,,,,,,,,,,,SIM,,,,,,,,,,,,,,,,,,,,,,,,,,,,,,,,,,,,,,,,,,,,,,,,,,,,,SIM,
10566,,,,,SIM,,,,,,,,,,,,,,,,,,,,,,,,,,,SIM,,,,,,,,,,,,,,,,,SIM,,,,,,,,,,,,,,,,,,,,,,,,,,,
10567,,,,,,,,,,,,,,,,,,,SIM,,,,,,,,,,,,,,,,,SIM,,,,,,,,,,,,,,,SIM,,,,,,,,,,,,,,,,,,,,,,,,,
10568,,,,,,,,,,,,,,,,,,,,,,,,,,,SIM,,,,,,,,,,,,,,,,,,,,,,,,,,,,,,,,,,,,,,,,,,,,,,,,,
10569,,,,,,,,,,,,,,,,,,,SIM,,,,,,,,,,,,,SIM,,,,,,,,,,,,,,,,,,,,,,,,,,,,,,,,,,,,,,,,,,,,
10570,,,,,,,,,,,,,,,,,,SIM,,,,,,,,,,,,,,,,,,,,,,,,,,,,,,,SIM,,,,,,,,,,,,,,,,,,,,,,,,,,,
10571,,,,,,,,,,,,,,,,,,,,,,,,,,,,,,,,,,,,,,,,,,,,,,,,,,,,,,,,,,,,SIM,,,,,,,,,SIM,,,,,,,
10572,,,SIM,,,,,,,,,,,,,,,,,,,,,,,,,,,,,,,,,,SIM,,,,,,,,,,SIM,,,,,,SIM,,,,,,,,,,,,,,,,,,,,,,,
10573,SIM,,,,,,,,,,,,,,,,,,,,,,,,,,,,,,,,,,,,,,,,,,,,,,,SIM,,,,,,,,,SIM,,,,,,,,,,,,,,,,,,,
10574,,,SIM,,,,,,,,,,,,,SIM,,,,,,,,,,,,,,,,,,,,,,,,,,,,,,,,,,,,,,,,,,,,,,,,,,,,,,,,,,,SIM,
10575,,,,,,,,,,,,,,,,,,,,,,,,,,,,,,,,SIM,,,,,,,,SIM,,,,,,,,,,,SIM,,,,,,,,,,,,,,,,,,,,,,,,,
10576,,,,,,SIM,,,,,,,,,,,,,SIM,,,,,SIM,,,,,,,,,,,,,,,,,,,,,,,,,,,,,,,,,,,,,,,,,,,,,,,,,,,,
10577,,,,,,,,SIM,,,,,,,,,,,,,,,,,,,,,,,,,,,,,,,,,,,,SIM,,,,,,,,,SIM,,,,,,,,,,,,,,,,,,,,,,,
10578,,,,,,,,,,,,,,,,,,,,,,,,,,,,,,,,,,,,,,,,,,,,,,,,,,,,SIM,,,,,,,,,,,,,,,,,,,,,,,,
10579,,,,,,,,,,,,,,,,,SIM,,,,,,,,,,,,,,,,,,,,,,,,,,,,,,,,,,,,SIM,,,,,,,,,,,,,,,,,,,,,,,
10580,,,,,,,,,,,,,,,,,,,,,,,,,,,,,,,,,,SIM,,,,,,,,,,,,,,,,,,,,,,,,,,,,,,,,,,,SIM,,,,,,,
10581,,,,,,,,,,,,,,,,,,,,,,,,,,,,,,,,,,,,,,,,,,,,,,,,,,,,,SIM,,,,,,,,,,,,,,,,,,,,,,,
10582,,,,,,,,,,,,,,,,,,,,,,,,,,,,,,,,SIM,,,,,,,,,,,,,,,,,,,,SIM,,,,,,,,,,,,,,,,,,,,,,,,
10583,,,,SIM,,,,,,,,,,,,,,,,,,,SIM,,,,,,,,,,,,,,,,,,,,,,,,,,,,,,,,,,,,,,,,,,,,,SIM,,,,,,,,
10584,,,,,,,,,,,,,,,,,,,SIM,,,,,,,,,,,,,,,,,,,,,,,,,,,,,,,,,,,,,,,,,,,,,,,,,,,,,,,,,
10585,,,,,,,,,,,,,,,,,,,,,,,,,,,,,,,,,,,,,,,,,,,,,,,,,,,,,,,,,,,,,,,,,,,,,,,,,,,,
10586,,,,,,,,,,,,,,SIM,,,,,,,,,,,,,,,,,,,,,,,,,,,,,,,,,,,,,,,,,,,,,,,,,,,,,,,,,,,,,,
10587,,,,,,,,,,,,,,,,,,,,,,,,,SIM,,,,,,,,,,,,,,,,,,,SIM,,,,,,,,,,,,,,,,,,,,,,,,,,,,,,,,
10588,,,,,SIM,,,,,,,,,,,,,,,,,,,,,,,,,,,,,,,,,,,,,,,,,,,,,,,,,,,,,,,SIM,,,,,,,,,,,,,,,,
10589,,,,,,,,,,,,,,,,,,,,,,,,,,,,,,,,,,,,,,,,,,,,,,,,,,,,,,,,,,,,,,,,,,,,,,,,,,,,
10590,,,,,,SIM,,,,,,,,,,,,,,,,,,,,,,,,,,,,,,,,,,,,,,SIM,,,,,,,,,,,,,,,,,,,,,,,,,,,,,,,,
10591,,SIM,,,,,,,,,,,,,,,,,,,,,,,,,,,,,,,,,,,,,,,,,,,,,,,,,,,,,,,,,,,,,,,,,,,,SIM,,SIM,,,,
10592,,,,,,,,,,,,,,,,,SIM,,,,,,,,SIM,,,,,,,,,,,,,,,,,,,,,,,,,,,,,,,,,,,,,,,,,,,,,,,,,,,
10593,,,,,,,,,,,,,,,,,,,,,,,SIM,,,,,,,,,SIM,,,,,,,,,,,,,,,,,,,,,,,,,,,,,SIM,,,,,,,,,,,,,,,
10594,,,,,,,,,,,,,SIM,SIM,,,,,,,,,,,,,,,,,,,,,,,,,,,,,,,,,,,,,,,,,,,,,,,,,,,,,,,,,,,,,,
10595,,,,,,,,,,,,,,,,,,,,,,,SIM,,,,,,,,,,,,,,,,,,,,,,,,,,,,,,,,,,,,,,,,,,,,,,,,,,,,,
10596,,,,,,,,,,,,,,,,,,SIM,,,,,,,,,,,,,,,,,,,,,,,,,,,,,,,,,,,SIM,,,,,,,,,,,,,,,,,,,,,,,
10597,,,,,,,,,,,,,,,,,,,,,,SIM,,,,,,,,,,,,SIM,,,,,,,,,,,,,,,,,,SIM,,,,,,,,,,,,,,,,,,,,,,,,
10598,,,,,,,,,,,,,,,SIM,,,,,,,,,,,,,,,,,,,,,,,,,,,,,,,,,,,,,,,,,,,SIM,,,,,,,,,,,,,,,,,,
10599,,,,,,,,,,,,,,,,,,,,,,,,,,,,,,,,,,,,,,,,,,,,,,,,,,,,,,,,,,,,,,,,,,,,,,,,,,,,
10600,,,,,,,,,,,,,,,,,,,,,,,,,,,,,,,,,,,,,,,,,,,,,,,,,,,,,,SIM,,,,,,,,,,,,,,,,SIM,,,,,,
10601,,,,,,,,,,,,,,,,,,,,,,,,,,,,,,,SIM,,,,,,,,,,,,,,,,,,,,SIM,,,,,,,,,,,,,,,,,,,,,,,,,
10602,,,,,,,,,,,,,,,,,,,,,,,,,,,,,,,,,,,,,,,,,,,,SIM,,,,,,,,,,,,,,,,,,,,,,,,,,,,,,,,
10603,,,,,,,,,,,,,,,,,,,,,,,,,,SIM,,,,,,,,,,,,SIM,,,,,,,,,,,,,,,,,,,,,,,,,,,,,,,,,,,,,,
10604,,,,,,,,,,,,,,,,,,,,,,,,,,,,,,,,SIM,,,,,,,,,,,,,,,,,,,,,,,,,,,,,,,,,,,,,,,,,,,,
10605,,,,SIM,,,,,,,,,,,SIM,,,,,,,,,,,,,,,,,,,,,,,,,,,,,,,,SIM,,,,SIM,,,,,,,,,,,,,,,,,,,,,,,,,
10606,,,,,,,,,SIM,,,,,,,,,,,,,,,,,,,,,,,,,,,,,,,,,,,,,SIM,,,,,,,,,,,,,,,,,,,,,,,,,,,,,,
10607,SIM,,SIM,,,,,,,,,,,,,SIM,,,,,,,,,,,,,,,,,,,,,,,,SIM,,,,,,,,,,,,,,,,,,,,,,,,,,,,,,,,SIM,,,,
10608,,,,,,,,,,,,,,,,,,SIM,,,,,,,,,,,,,,,,,,,,,,,,,,,,,,,,,,,,,,,,,,,,,,,,,,,,,,,,,,
10609,,,,,,SIM,,,,,,,,,,,,,,,,,,,,,SIM,,,,,,,,,,,,,,,,,,,,,,,,,,,,,,,,,,,SIM,,,,,,,,,,,,,,
10610,,,,,,,,,,,,,,,,,,,,,,,,,,,,SIM,,,,,,,,,,,,,,,,,,,,,,,,,,,,,,,,,,,,,,,,,,,,,,,,
10611,,,,SIM,,SIM,SIM,,,,,,,,,,,,,,,,,,,,,,,,,,,,,,,,,,,,,,,,,,,,,,,,,,,,,,,,,,,,,,,,,,,,,
10612,,,,SIM,,,,,,,,,,,,,,,,,,,,,,,SIM,SIM,,,,SIM,,,,,,SIM,,,,,,,,,,,,,,,,,,,,,,,,,,,,,,,,,,,,,,
10613,,,,,,,,,,,,,,,,,,,,,,,,,,,,,,,SIM,,,,,,,,,,,,,,,,,,,,,,SIM,,,,,,,,,,,,,,,,,,,,,,,
10614,,,,,,,,SIM,,,,,,,,,,,,,,,,,,,,,,,,,,,,,,,,,,,,,,,,,SIM,,,,,,,,,,,,,SIM,,,,,,,,,,,,,,
10615,,,,,,,,,,,,,,,,,,,,,,,,,,,,,,,,,,,,,,,,,,,,,,SIM,,,,,,,,,,,,,,,,,,,,,,,,,,,,,,
10616,,,,,,,,,,,,SIM,,,SIM,,,SIM,,,,,,,,,,,,,,,,,,,,,,,,,,,SIM,,,,,,,,,,,,,,,,,,,,,,,,,,,,,,,
10617,,,,,,,,,,,,,,,,,,,,,,,,,,,,,,,,,,,,,,,,,,,,,,,,,,,SIM,,,,,,,,,,,,,,,,,,,,,,,,,
10618,,,,,,,,,,,,,,,,,,SIM,,SIM,,,,,,,,,,,,,,,,,,,,,,,,,,,,,,,,,,,,,,,SIM,,,,,,,,,,,,,,,,,
10619,,,,,,,,,,,,,,,,,,,,,,,,,,SIM,,,,,,,,,,,,,,,,,,,,,,,,,,,,,,,,,,,,SIM,,,,,,,,,,,,,,
10620,,,,,,,,,,,,,,SIM,,,,,,,,SIM,,,,,,,,,,,,,,,,,,,,,,,,,,,,,,,,,,,,,,,,,,,,,,,,,,,,,,
10621,,,,,,,,,,,,,,,SIM,,,,,,,,,,,,,,,,,,,,,,,,,,,,,,SIM,,,,,,,,,,,,,,,,,,,,,,SIM,,,,,,,,,
10622,,,,,,,SIM,,,,,,,,,,,,,,,,,,,,,,,,,,,,,,,,,,,,,,,,,,,,,,,,,,,,SIM,,,,,,,,,,,,,,,,,
10623,,,,,,,,,,,,,,,,,,,,,,SIM,,,,,,,,,,,,,,,,,,,,,,,,,,,,,,,,,,,,,,,,SIM,,,,,SIM,,SIM,,,,,,,
10624,,,,,,,,,,,,,,,,,,,,,,,,SIM,,,,,,,,,,,,,,,,,,,,,,,,,,,,,,,,SIM,,,,,,,,,,,,SIM,,,,,,,,
10625,,,,SIM,,,,,,,,,,,,,,,,,,,,,,,,,,,,,,,,,,,,,,,,,,,,,,,,,,,,,,,,SIM,,,,,,,,,SIM,,,,,,,
10626,,,,SIM,,,,,,,,,,,SIM,,,,,,,,,,,,,,,,,,,,,,,,,,,,,,,,,SIM,,,,,,,,,,,,,,,,,,,,,,,,,,,,
10627,,,,,,,,,,,,,,,,,,,,,,,,,,,,,,,,,,,,,,,,,,,,,,,,,,,,,,SIM,,,,,,,,,,,,,,,,,,,,,,
10628,,,,,,SIM,,,,,,,,,,,,,,,,,,,,,,,,,,,,,,,,,,,,,,,,,,,,,,,,,,,,,,,,,,,,,,,,,,,,,,
10629,,,,,,,,,,,,,,,,,,,,,,,,,,,,,,,,,,,,,,,,,,,,,,,,,,,,,,,,,,,,,,,,,,,,SIM,,,,,,,SIM,
10630,,,,,,,,,,,,,,,,,,,,,,,,,,,,,,,,SIM,,,,,,,,,,,,,,SIM,,,,,,,,,,,,,,,,,,,,,,,,,,,,,,
10631,,,,,,,,,,,,,,,,,,,,,,,,,,,,,,,,,,,,,,,,,,,,,,,,,,,,,SIM,,,,,,,,,,,,,,,,,,,,,,,
10632,,,,,,,SIM,,,,,,,,,SIM,,,,,,,,,,,,,,,,,,,,,,,,,,,,,,,,,,,,,,,,,,,,,,,,,,,,,,,,,,,,
10633,,,,,,,,,,,,,,,,,,,,,,,,,SIM,,,,,,SIM,,,,,,,,,,,,,,,,,,,SIM,,,,,,,,,,,,,,,,,,,,,,,,,,
10634,,,,,SIM,,,,,,,,,,,,,,,,,,,,,,,,,,,,,,,SIM,,,,,,,,,,,,,,,,,SIM,,,,,,,,,,,,,,,,,,,SIM,,,,
10635,,,,,,,,,SIM,SIM,,,,,,,,,,,,,,,,SIM,,,,,,,,,,,,,,,,,,,,,,,,,,,,,,,,,,,,,,,,,,,,,,,,,,
10636,,,,,,,,,SIM,,,,SIM,,,,,,,,,,,,,,,,,,,,,,,,,,,,,,,,,,,,,,,,,,,,,,,,,,,,,,,,,,,,,,,
10637,,,,,,,,,,,,,,,,,,SIM,,,,,,,,,,,,,,,,,,,,,,,,,,,,,,,SIM,,,,,,,,,,,,,,,,,,,,,,,,SIM,,,
10638,,,,,,,,,,,,,,,,,,,,,,,,,,,,,,,,,,SIM,,,,,,SIM,,,,,,,,,,,,,,,SIM,,,,,,,,,,,,,,,,,,,,,
10639,,,,,SIM,,,,,,,,,,,,,,,,,,,,,,,,,,,,,,,,,,,,,,,,,,,,,,,,,,,,,,,,,,,,,,,,,,,,,,,
10640,,,,,,,,,,,,,,,,,,,,,,,SIM,,,,,,,,,,,,,,,,,,,,,,SIM,,,,,,,,,,,,,,,,,,,,,,,,,,,,,,,
10641,,,SIM,,,,SIM,,,,,,,,,,,,,,,,,,,,,,,,,,,,,,,,,,,,,,,,,,,,,,,,,,,,,,,,,,,,,,,,,,,,,
10642,,,,,,,,,,,,,,,,,,,,,,,,,,,,,,,,,,,,,,,,,,,,,,,,,,,,,,,,,,,,,,SIM,,,,,,,,,,,,,,
10643,,,,,,,,SIM,,,,,,,,,,,,,,,,,,,,,,,,,,,,,,,,,,,,,,,,,,,,,,,,SIM,,,,,,,,SIM,,,,,,,,,,,,
10644,,,,,SIM,,,,,,,,,,,,,,,,,,,,,,,,SIM,,,,,,,,,,,,,,,,,,,,,,,,,,,,,,,,,,,SIM,,,,,,,,,,,,
10645,,,,,SIM,,,,,,,,,,,,,,,,,,,,,,,SIM,,,,,,,,,,,,,,,,,,,,,,,,,,,,,,,,,,,,,,,,,,,,,,,,
10646,,,,,,SIM,,,,,,,,,SIM,,,,,,,,,,,,SIM,,,,,,,,,,,,,,,,,SIM,,,,,,,,,,,,,,,,,,,,,,,,,,,,,,,,
10647,,,,,,,,SIM,,,,,,,,,,,,,,,,,,,,,,,,,,,,,,,,,,,,,,,,,,,,,,,,,,,,,,,,,,,SIM,,,,,,,,,
10648,,,,,,,,,,,,,,,,,,,,,,SIM,,,,SIM,,,,,,,,,,,,,,,,,,,,,,,,,,,,,,,,,,,,,,,,,,,,,,,,,,
10649,,,,,,,,,,,,,,,,,,,,,,,,,,,,,,,,,,,,,,,,SIM,,,,,,,,,,,,,,,,SIM,,,,,,,,,,,,,,,,,,,,
10650,,,,,,,,,,,,,,,,,,,,,,,,,,,,,,,,,,,,,,,,,SIM,,,,,,,SIM,,,,,,,,,,,,,,,,,,,,,,SIM,,,,,,
10651,,,,,,,,,,,,,,,,,,,,,,,,,,SIM,,,,,,,,,,,,,,,,,,,,,,,,,,,,,,,,,,,,,,,,,SIM,,,,,,,,,
10652,,,,,,,,,,,,,,,,,,,,,,,,,,,,,,,,,,,,,,,,,SIM,,,,,,,,,,,,,,,,,,,SIM,,,,,,,,,,,,,,,,
10653,,,,SIM,,,,,,,,,,,,,,,,,,,,,,,,,,,,,,,,,,,,,,,,,,,SIM,,,,,,,,,,,,,,,,,,,,,,,,,,,,,
10654,,,,,,,,SIM,SIM,,,,,,,,,,,,,,,,,,,,,,,,,,,,,,,,,,,,,,,,,,,,,,,,,,,,,,,,,,,,,SIM,,,,,,
10655,,,,,,,,,,,,,,,,,,,,,,,,,,,,,,,,,,,,,,,,,,,,,,,,,,,,,,,,,,,,,,,,,,,,,,,,,,,,
10656,,,,,,,,,,,,,,,,,,,,,,,,SIM,,,,,,,,,,,,,,,,,,,,,,,,,,,,,,,,,,,,,,,,,,,,,SIM,,,,,,,
10657,,,,SIM,,,,,,,,,,,,,SIM,SIM,,,,,,,,,,,,,,,,,,,,,,,,,,,,,,,,,,,,,,,,,,,,,,SIM,,,,,,,,,,,,
10658,,,SIM,SIM,,,,,,,,,,,,,,,,,,,,,,,,,,,,,,,,,,,,,,,,SIM,,,,,,,,,,,,,,,,,,SIM,,,,,,,,,,,,,,
10659,,,SIM,,,,,,,,,,,,,,,,SIM,,,,,,,,,,,,,,,,,,,,,,,,,,SIM,,,,,,,,,,,,,,,,,,,,,,,,,,,,,,,
10660,,,,,,,,,,,,,,,,,,,,,,,,,,,,,,,,,,,,,,,,,,,,,,,,,,,,,,,,,,,,,SIM,,,,,,,,,,,,,,,
10661,,,,,,,,SIM,,,,,SIM,,,,,,,,,,,,,,,,,,,,,,,,,,,,,,,,,,,,,,,,,,,,,,,,,,,,,,,,,,,,,,,
10662,,,,,,,,,,,,,,,,,,,,,,,,,,,,,,,,,,,,,,,,,,,,,,,,,,,,,,,,,,,SIM,,,,,,,,,,,,,,,,,
10663,,,SIM,,,,,,,,,,,,,,,,,,,,,,,,,,,,,,,,,SIM,,,,,,,,,,,,,,,,,,,,,,,,SIM,,,,,,,,,,,,,,,,
10664,,,,,,,,,,,,,,,,,,SIM,,,,,,,,,SIM,,,,,,,SIM,,,,,,,,,,,,,,,,,,,,,,,,,,,,,,,,,,,,,,,,,,
10665,,,,,,,,,,,,,,,,,,,,,,,,,,,,,,,,SIM,,,,SIM,,,,,,,,,,,,,,,SIM,,,,,,,,,,,,,,,,,,,,,,,,,
10666,,,,,,,,,,,,,,,,,,,,,,,,,,,,,,,,,,SIM,,,,,,,,,,,,,,,,,,,,,,,,,,,,,,,,,,SIM,,,,,,,,
10667,,,,,,,,,,,,,,,SIM,,,,,,,,SIM,,,,,,,,,,,,,,,,,,,,,,,,,,,,,,,,,,,,,,,,,,,,,,,,,,,,,
10668,,,,,,,,,,,,,,,,,,,SIM,,,,,,,,,,,,,,,,,,,,,,,,,,,SIM,,,,,,,,,,,,,,,,,,,,,,,,,,,,,SIM,
10669,,,,,,,,,,,,,,,,,,,,,,,,,,,,SIM,,,,,,,,,,,,,,,,,,,,,,,,,,,,,,,,,,,,,,,,,,,,,,,,
10670,,,,,,,,,,,,,,,,,,,,,,,,,,,,,,,,,,,,,,,,,,,,,,,,,,,,,SIM,SIM,,,,,,,,,,SIM,,,,,,,,,,,,
10671,,,,,,,,,,,,,,,,,,,,,,,,,,,,,,,,,,SIM,,,,,,,,,,,,,SIM,,,,,,,,,,,,,,,,,,,,,,,,,,,,,
10672,,,,,,,,,,,,SIM,,,SIM,,,,,,,,,,,,,,,,,,,,,,,,,,,,,,,,,,,,,,,,,,,,,,,,,,,,,,,,,,,,,
10673,,,,,,,,,,,,,,,,,,,,,,,,,,,,,SIM,,,,,,,,,,,,,,,,,,SIM,,,,,,,,,,,,,SIM,,,,,,,,,,,,,,,,
10674,,,,,,,,,,,,,,,,,,,,,,,,,,,,,,,,,,,,,,,,,,,,,,,,,,,,,,,,,,,,,,,,,,,,,,,,,,,,
10675,,,,,,,,,,,,,SIM,,,,,,,,,,,,,,,,,,,,,,,,,,,,,,,,,,,SIM,,,,,,,,,,,,,,,,,,,,,SIM,,,,,,,
10676,,,,,,,,,,,,,,,,,,,,,,,,SIM,,,SIM,,,,,,,,,,,,,,,,,,,,,,,,,,,,,,,,,,,,,,,,SIM,,,,,,,,,
10677,,,,,,,,,,,,,,,,SIM,,,,,,,,,SIM,,,,,,,,,,,,,,,,,,,,,,,,,,,,,,,,,,,,,,,,,,,,,,,,,,,
10678,,,,,,,,,,,,,,,,SIM,,,,,,,,,,,,,,,,,,,,,,,,,,,,,,,,,,SIM,,,,,,,,,,,,,,,,,,,,SIM,,,,,,
10679,,,,,,,,,,,,,,,,,,,,,,,,,,,,,,,,,,,,,,,,,,,,,,,,,,,,,,,,,,,,,,,,,,,,,,,,,,,,
10680,,,,,,,,,,,,,,,,,,,,,,,,,,,,,,,,,,,,,,,,,,,,,,,,,,,,,,,,,,,,,,,,,,,,,,,,,,,,
10681,,,,,,,,,,,,,,,,,,,,,,,,,,,,,,,,,,,,,,,,,,,,,,,,,,,,,,,,,,,,,,,,,,,,,,,,,,,,
10682,,,,,,,,,,,,,,,,,,,,,,,,,,,,,,,,,,,,,,,,,,,,,,,,,,,,,,,,,,,,,,,,,,,,,,,,,,,,
10683,,,,,,,,,,,,,,,,,,,,,,,,,,,,,,,,,,,,,,,,,,,,,,,,,,,,,,,,,,,,,,,,,,,,,,,,,,,,
10684,,,,,,,,,,,,,,,,,,,,,,,,,,,,,,,,,,,,,,,,,,,,,,,,,,,,,,,,,,,,,,,,,,,,,,,,,,,,
10685,,,,,,,,,,,,,,,,,,,,,,,,,,,,,,,,,,,,,,,,,,,,,,,,,,,,,,,,,,,,,,,,,,,,,,,,,,,,
10686,,,,,,,,,,,,,,,,,,,,,,,,,,,,,,,,,,,,,,,,,,,,,,,,,,,,,,,,,,,,,,,,,,,,,,,,,,,,
10687,,,,,,,,,,,,,,,,,,,,,,,,,,,,,,,,,,,,,,,,,,,,,,,,,,,,,,,,,,,,,,,,,,,,,,,,,,,,
10688,,,,,,,,,,,,,,,,,,,,,,,,,,,,,,,,,,,,,,,,,,,,,,,,,,,,,,,,,,,,,,,,,,,,,,,,,,,,
10689,,,,,,,,,,,,,,,,,,,,,,,,,,,,,,,,,,,,,,,,,,,,,,,,,,,,,,,,,,,,,,,,,,,,,,,,,,,,
10690,,,,,,,,,,,,,,,,,,,,,,,,,,,,,,,,,,,,,,,,,,,,,,,,,,,,,,,,,,,,,,,,,,,,,,,,,,,,
10691,,,,,,,,,,,,,,,,,,,,,,,,,,,,,,,,,,,,,,,,,,,,,,,,,,,,,,,,,,,,,,,,,,,,,,,,,,,,
10692,,,,,,,,,,,,,,,,,,,,,,,,,,,,,,,,,,,,,,,,,,,,,,,,,,,,,,,,,,,,,,,,,,,,,,,,,,,,
10693,,,,,,,,,,,,,,,,,,,,,,,,,,,,,,,,,,,,,,,,,,,,,,,,,,,,,,,,,,,,,,,,,,,,,,,,,,,,
10694,,,,,,,,,,,,,,,,,,,,,,,,,,,,,,,,,,,,,,,,,,,,,,,,,,,,,,,,,,,,,,,,,,,,,,,,,,,,
10695,,,,,,,,,,,,,,,,,,,,,,,,,,,,,,,,,,,,,,,,,,,,,,,,,,,,,,,,,,,,,,,,,,,,,,,,,,,,
10696,,,,,,,,,,,,,,,,,,,,,,,,,,,,,,,,,,,,,,,,,,,,,,,,,,,,,,,,,,,,,,,,,,,,,,,,,,,,
10697,,,,,,,,,,,,,,,,,,,,,,,,,,,,,,,,,,,,,,,,,,,,,,,,,,,,,,,,,,,,,,,,,,,,,,,,,,,,
10698,,,,,,,,,,,,,,,,,,,,,,,,,,,,,,,,,,,,,,,,,,,,,,,,,,,,,,,,,,,,,,,,,,,,,,,,,,,,
10699,,,,,,,,,,,,,,,,,,,,,,,,,,,,,,,,,,,,,,,,,,,,,,,,,,,,,,,,,,,,,,,,,,,,,,,,,,,,
10700,,,,,,,,,,,,,,,,,,,,,,,,,,,,,,,,,,,,,,,,,,,,,,,,,,,,,,,,,,,,,,,,,,,,,,,,,,,,
10701,,,,,,,,,,,,,,,,,,,,,,,,,,,,,,,,,,,,,,,,,,,,,,,,,,,,,,,,,,,,,,,,,,,,,,,,,,,,
10702,,,,,,,,,,,,,,,,,,,,,,,,,,,,,,,,,,,,,,,,,,,,,,,,,,,,,,,,,,,,,,,,,,,,,,,,,,,,
10703,,,,,,,,,,,,,,,,,,,,,,,,,,,,,,,,,,,,,,,,,,,,,,,,,,,,,,,,,,,,,,,,,,,,,,,,,,,,
10704,,,,,,,,,,,,,,,,,,,,,,,,,,,,,,,,,,,,,,,,,,,,,,,,,,,,,,,,,,,,,,,,,,,,,,,,,,,,
10705,,,,,,,,,,,,,,,,,,,,,,,,,,,,,,,,,,,,,,,,,,,,,,,,,,,,,,,,,,,,,,,,,,,,,,,,,,,,
10706,,,,,,,,,,,,,,,,,,,,,,,,,,,,,,,,,,,,,,,,,,,,,,,,,,,,,,,,,,,,,,,,,,,,,,,,,,,,
10707,,,,,,,,,,,,,,,,,,,,,,,,,,,,,,,,,,,,,,,,,,,,,,,,,,,,,,,,,,,,,,,,,,,,,,,,,,,,
10708,,,,,,,,,,,,,,,,,,,,,,,,,,,,,,,,,,,,,,,,,,,,,,,,,,,,,,,,,,,,,,,,,,,,,,,,,,,,
10709,,,,,,,,,,,,,,,,,,,,,,,,,,,,,,,,,,,,,,,,,,,,,,,,,,,,,,,,,,,,,,,,,,,,,,,,,,,,
10710,,,,,,,,,,,,,,,,,,,,,,,,,,,,,,,,,,,,,,,,,,,,,,,,,,,,,,,,,,,,,,,,,,,,,,,,,,,,
10711,,,,,,,,,,,,,,,,,,,,,,,,,,,,,,,,,,,,,,,,,,,,,,,,,,,,,,,,,,,,,,,,,,,,,,,,,,,,
10712,,,,,,,,,,,,,,,,,,,,,,,,,,,,,,,,,,,,,,,,,,,,,,,,,,,,,,,,,,,,,,,,,,,,,,,,,,,,
10713,,,,,,,,,,,,,,,,,,,,,,,,,,,,,,,,,,,,,,,,,,,,,,,,,,,,,,,,,,,,,,,,,,,,,,,,,,,,
10714,,,,,,,,,,,,,,,,,,,,,,,,,,,,,,,,,,,,,,,,,,,,,,,,,,,,,,,,,,,,,,,,,,,,,,,,,,,,
10715,,,,,,,,,,,,,,,,,,,,,,,,,,,,,,,,,,,,,,,,,,,,,,,,,,,,,,,,,,,,,,,,,,,,,,,,,,,,
10716,,,,,,,,,,,,,,,,,,,,,,,,,,,,,,,,,,,,,,,,,,,,,,,,,,,,,,,,,,,,,,,,,,,,,,,,,,,,
10717,,,,,,,,,,,,,,,,,,,,,,,,,,,,,,,,,,,,,,,,,,,,,,,,,,,,,,,,,,,,,,,,,,,,,,,,,,,,
10718,,,,,,,,,,,,,,,,,,,,,,,,,,,,,,,,,,,,,,,,,,,,,,,,,,,,,,,,,,,,,,,,,,,,,,,,,,,,
10719,,,,,,,,,,,,,,,,,,,,,,,,,,,,,,,,,,,,,,,,,,,,,,,,,,,,,,,,,,,,,,,,,,,,,,,,,,,,
10720,,,,,,,,,,,,,,,,,,,,,,,,,,,,,,,,,,,,,,,,,,,,,,,,,,,,,,,,,,,,,,,,,,,,,,,,,,,,
10721,,,,,,,,,,,,,,,,,,,,,,,,,,,,,,,,,,,,,,,,,,,,,,,,,,,,,,,,,,,,,,,,,,,,,,,,,,,,
10722,,,,,,,,,,,,,,,,,,,,,,,,,,,,,,,,,,,,,,,,,,,,,,,,,,,,,,,,,,,,,,,,,,,,,,,,,,,,
10723,,,,,,,,,,,,,,,,,,,,,,,,,,,,,,,,,,,,,,,,,,,,,,,,,,,,,,,,,,,,,,,,,,,,,,,,,,,,
10724,,,,,,,,,,,,,,,,,,,,,,,,,,,,,,,,,,,,,,,,,,,,,,,,,,,,,,,,,,,,,,,,,,,,,,,,,,,,
10725,,,,,,,,,,,,,,,,,,,,,,,,,,,,,,,,,,,,,,,,,,,,,,,,,,,,,,,,,,,,,,,,,,,,,,,,,,,,
10726,,,,,,,,,,,,,,,,,,,,,,,,,,,,,,,,,,,,,,,,,,,,,,,,,,,,,,,,,,,,,,,,,,,,,,,,,,,,
10727,,,,,,,,,,,,,,,,,,,,,,,,,,,,,,,,,,,,,,,,,,,,,,,,,,,,,,,,,,,,,,,,,,,,,,,,,,,,
10728,,,,,,,,,,,,,,,,,,,,,,,,,,,,,,,,,,,,,,,,,,,,,,,,,,,,,,,,,,,,,,,,,,,,,,,,,,,,
10729,,,,,,,,,,,,,,,,,,,,,,,,,,,,,,,,,,,,,,,,,,,,,,,,,,,,,,,,,,,,,,,,,,,,,,,,,,,,
10730,,,,,,,,,,,,,,,,,,,,,,,,,,,,,,,,,,,,,,,,,,,,,,,,,,,,,,,,,,,,,,,,,,,,,,,,,,,,
10731,,,,,,,,,,,,,,,,,,,,,,,,,,,,,,,,,,,,,,,,,,,,,,,,,,,,,,,,,,,,,,,,,,,,,,,,,,,,
10732,,,,,,,,,,,,,,,,,,,,,,,,,,,,,,,,,,,,,,,,,,,,,,,,,,,,,,,,,,,,,,,,,,,,,,,,,,,,
10733,,,,,,,,,,,,,,,,,,,,,,,,,,,,,,,,,,,,,,,,,,,,,,,,,,,,,,,,,,,,,,,,,,,,,,,,,,,,
10734,,,,,,,,,,,,,,,,,,,,,,,,,,,,,,,,,,,,,,,,,,,,,,,,,,,,,,,,,,,,,,,,,,,,,,,,,,,,
10735,,,,,,,,,,,,,,,,,,,,,,,,,,,,,,,,,,,,,,,,,,,,,,,,,,,,,,,,,,,,,,,,,,,,,,,,,,,,
10736,,,,,,,,,,,,,,,,,,,,,,,,,,,,,,,,,,,,,,,,,,,,,,,,,,,,,,,,,,,,,,,,,,,,,,,,,,,,
10737,,,,,,,,,,,,,,,,,,,,,,,,,,,,,,,,,,,,,,,,,,,,,,,,,,,,,,,,,,,,,,,,,,,,,,,,,,,,
10738,,,,,,,,,,,,,,,,,,,,,,,,,,,,,,,,,,,,,,,,,,,,,,,,,,,,,,,,,,,,,,,,,,,,,,,,,,,,
10739,,,,,,,,,,,,,,,,,,,,,,,,,,,,,,,,,,,,,,,,,,,,,,,,,,,,,,,,,,,,,,,,,,,,,,,,,,,,
10740,,,,,,,,,,,,,,,,,,,,,,,,,,,,,,,,,,,,,,,,,,,,,,,,,,,,,,,,,,,,,,,,,,,,,,,,,,,,
10741,,,,,,,,,,,,,,,,,,,,,,,,,,,,,,,,,,,,,,,,,,,,,,,,,,,,,,,,,,,,,,,,,,,,,,,,,,,,
10742,,,,,,,,,,,,,,,,,,,,,,,,,,,,,,,,,,,,,,,,,,,,,,,,,,,,,,,,,,,,,,,,,,,,,,,,,,,,
10743,,,,,,,,,,,,,,,,,,,,,,,,,,,,,,,,,,,,,,,,,,,,,,,,,,,,,,,,,,,,,,,,,,,,,,,,,,,,
10744,,,,,,,,,,,,,,,,,,,,,,,,,,,,,,,,,,,,,,,,,,,,,,,,,,,,,,,,,,,,,,,,,,,,,,,,,,,,
10745,,,,,,,,,,,,,,,,,,,,,,,,,,,,,,,,,,,,,,,,,,,,,,,,,,,,,,,,,,,,,,,,,,,,,,,,,,,,
10746,,,,,,,,,,,,,,,,,,,,,,,,,,,,,,,,,,,,,,,,,,,,,,,,,,,,,,,,,,,,,,,,,,,,,,,,,,,,
10747,,,,,,,,,,,,,,,,,,,,,,,,,,,,,,,,,,,,,,,,,,,,,,,,,,,,,,,,,,,,,,,,,,,,,,,,,,,,
10748,,,,,,,,,,,,,,,,,,,,,,,,,,,,,,,,,,,,,,,,,,,,,,,,,,,,,,,,,,,,,,,,,,,,,,,,,,,,
10749,,,,,,,,,,,,,,,,,,,,,,,,,,,,,,,,,,,,,,,,,,,,,,,,,,,,,,,,,,,,,,,,,,,,,,,,,,,,
10750,,,,,,,,,,,,,,,,,,,,,,,,,,,,,,,,,,,,,,,,,,,,,,,,,,,,,,,,,,,,,,,,,,,,,,,,,,,,
10751,,,,,,,,,,,,,,,,,,,,,,,,,,,,,,,,,,,,,,,,,,,,,,,,,,,,,,,,,,,,,,,,,,,,,,,,,,,,
10752,,,,,,,,,,,,,,,,,,,,,,,,,,,,,,,,,,,,,,,,,,,,,,,,,,,,,,,,,,,,,,,,,,,,,,,,,,,,
10753,,,,,,,,,,,,,,,,,,,,,,,,,,,,,,,,,,,,,,,,,,,,,,,,,,,,,,,,,,,,,,,,,,,,,,,,,,,,
10754,,,,,,,,,,,,,,,,,,,,,,,,,,,,,,,,,,,,,,,,,,,,,,,,,,,,,,,,,,,,,,,,,,,,,,,,,,,,
10755,,,,,,,,,,,,,,,,,,,,,,,,,,,,,,,,,,,,,,,,,,,,,,,,,,,,,,,,,,,,,,,,,,,,,,,,,,,,
10756,,,,,,,,,,,,,,,,,,,,,,,,,,,,,,,,,,,,,,,,,,,,,,,,,,,,,,,,,,,,,,,,,,,,,,,,,,,,
10757,,,,,,,,,,,,,,,,,,,,,,,,,,,,,,,,,,,,,,,,,,,,,,,,,,,,,,,,,,,,,,,,,,,,,,,,,,,,
10758,,,,,,,,,,,,,,,,,,,,,,,,,,,,,,,,,,,,,,,,,,,,,,,,,,,,,,,,,,,,,,,,,,,,,,,,,,,,
10759,,,,,,,,,,,,,,,,,,,,,,,,,,,,,,,,,,,,,,,,,,,,,,,,,,,,,,,,,,,,,,,,,,,,,,,,,,,,
10760,,,,,,,,,,,,,,,,,,,,,,,,,,,,,,,,,,,,,,,,,,,,,,,,,,,,,,,,,,,,,,,,,,,,,,,,,,,,
10761,,,,,,,,,,,,,,,,,,,,,,,,,,,,,,,,,,,,,,,,,,,,,,,,,,,,,,,,,,,,,,,,,,,,,,,,,,,,
10762,,,,,,,,,,,,,,,,,,,,,,,,,,,,,,,,,,,,,,,,,,,,,,,,,,,,,,,,,,,,,,,,,,,,,,,,,,,,
10763,,,,,,,,,,,,,,,,,,,,,,,,,,,,,,,,,,,,,,,,,,,,,,,,,,,,,,,,,,,,,,,,,,,,,,,,,,,,
10764,,,,,,,,,,,,,,,,,,,,,,,,,,,,,,,,,,,,,,,,,,,,,,,,,,,,,,,,,,,,,,,,,,,,,,,,,,,,
10765,,,,,,,,,,,,,,,,,,,,,,,,,,,,,,,,,,,,,,,,,,,,,,,,,,,,,,,,,,,,,,,,,,,,,,,,,,,,
10766,,,,,,,,,,,,,,,,,,,,,,,,,,,,,,,,,,,,,,,,,,,,,,,,,,,,,,,,,,,,,,,,,,,,,,,,,,,,
10767,,,,,,,,,,,,,,,,,,,,,,,,,,,,,,,,,,,,,,,,,,,,,,,,,,,,,,,,,,,,,,,,,,,,,,,,,,,,
10768,,,,,,,,,,,,,,,,,,,,,,,,,,,,,,,,,,,,,,,,,,,,,,,,,,,,,,,,,,,,,,,,,,,,,,,,,,,,
10769,,,,,,,,,,,,,,,,,,,,,,,,,,,,,,,,,,,,,,,,,,,,,,,,,,,,,,,,,,,,,,,,,,,,,,,,,,,,
10770,,,,,,,,,,,,,,,,,,,,,,,,,,,,,,,,,,,,,,,,,,,,,,,,,,,,,,,,,,,,,,,,,,,,,,,,,,,,
10771,,,,,,,,,,,,,,,,,,,,,,,,,,,,,,,,,,,,,,,,,,,,,,,,,,,,,,,,,,,,,,,,,,,,,,,,,,,,
10772,,,,,,,,,,,,,,,,,,,,,,,,,,,,,,,,,,,,,,,,,,,,,,,,,,,,,,,,,,,,,,,,,,,,,,,,,,,,
10773,,,,,,,,,,,,,,,,,,,,,,,,,,,,,,,,,,,,,,,,,,,,,,,,,,,,,,,,,,,,,,,,,,,,,,,,,,,,
10774,,,,,,,,,,,,,,,,,,,,,,,,,,,,,,,,,,,,,,,,,,,,,,,,,,,,,,,,,,,,,,,,,,,,,,,,,,,,
10775,,,,,,,,,,,,,,,,,,,,,,,,,,,,,,,,,,,,,,,,,,,,,,,,,,,,,,,,,,,,,,,,,,,,,,,,,,,,
10776,,,,,,,,,,,,,,,,,,,,,,,,,,,,,,,,,,,,,,,,,,,,,,,,,,,,,,,,,,,,,,,,,,,,,,,,,,,,
10777,,,,,,,,,,,,,,,,,,,,,,,,,,,,,,,,,,,,,,,,,,,,,,,,,,,,,,,,,,,,,,,,,,,,,,,,,,,,
10778,,,,,,,,,,,,,,,,,,,,,,,,,,,,,,,,,,,,,,,,,,,,,,,,,,,,,,,,,,,,,,,,,,,,,,,,,,,,
10779,,,,,,,,,,,,,,,,,,,,,,,,,,,,,,,,,,,,,,,,,,,,,,,,,,,,,,,,,,,,,,,,,,,,,,,,,,,,
10780,,,,,,,,,,,,,,,,,,,,,,,,,,,,,,,,,,,,,,,,,,,,,,,,,,,,,,,,,,,,,,,,,,,,,,,,,,,,
10781,,,,,,,,,,,,,,,,,,,,,,,,,,,,,,,,,,,,,,,,,,,,,,,,,,,,,,,,,,,,,,,,,,,,,,,,,,,,
10782,,,,,,,,,,,,,,,,,,,,,,,,,,,,,,,,,,,,,,,,,,,,,,,,,,,,,,,,,,,,,,,,,,,,,,,,,,,,
10783,,,,,,,,,,,,,,,,,,,,,,,,,,,,,,,,,,,,,,,,,,,,,,,,,,,,,,,,,,,,,,,,,,,,,,,,,,,,
10784,,,,,,,,,,,,,,,,,,,,,,,,,,,,,,,,,,,,,,,,,,,,,,,,,,,,,,,,,,,,,,,,,,,,,,,,,,,,
10785,,,,,,,,,,,,,,,,,,,,,,,,,,,,,,,,,,,,,,,,,,,,,,,,,,,,,,,,,,,,,,,,,,,,,,,,,,,,
10786,,,,,,,,,,,,,,,,,,,,,,,,,,,,,,,,,,,,,,,,,,,,,,,,,,,,,,,,,,,,,,,,,,,,,,,,,,,,
10787,,,,,,,,,,,,,,,,,,,,,,,,,,,,,,,,,,,,,,,,,,,,,,,,,,,,,,,,,,,,,,,,,,,,,,,,,,,,
10788,,,,,,,,,,,,,,,,,,,,,,,,,,,,,,,,,,,,,,,,,,,,,,,,,,,,,,,,,,,,,,,,,,,,,,,,,,,,
10789,,,,,,,,,,,,,,,,,,,,,,,,,,,,,,,,,,,,,,,,,,,,,,,,,,,,,,,,,,,,,,,,,,,,,,,,,,,,
10790,,,,,,,,,,,,,,,,,,,,,,,,,,,,,,,,,,,,,,,,,,,,,,,,,,,,,,,,,,,,,,,,,,,,,,,,,,,,
10791,,,,,,,,,,,,,,,,,,,,,,,,,,,,,,,,,,,,,,,,,,,,,,,,,,,,,,,,,,,,,,,,,,,,,,,,,,,,
10792,,,,,,,,,,,,,,,,,,,,,,,,,,,,,,,,,,,,,,,,,,,,,,,,,,,,,,,,,,,,,,,,,,,,,,,,,,,,
10793,,,,,,,,,,,,,,,,,,,,,,,,,,,,,,,,,,,,,,,,,,,,,,,,,,,,,,,,,,,,,,,,,,,,,,,,,,,,
10794,,,,,,,,,,,,,,,,,,,,,,,,,,,,,,,,,,,,,,,,,,,,,,,,,,,,,,,,,,,,,,,,,,,,,,,,,,,,
10795,,,,,,,,,,,,,,,,,,,,,,,,,,,,,,,,,,,,,,,,,,,,,,,,,,,,,,,,,,,,,,,,,,,,,,,,,,,,
10796,,,,,,,,,,,,,,,,,,,,,,,,,,,,,,,,,,,,,,,,,,,,,,,,,,,,,,,,,,,,,,,,,,,,,,,,,,,,
10797,,,,,,,,,,,,,,,,,,,,,,,,,,,,,,,,,,,,,,,,,,,,,,,,,,,,,,,,,,,,,,,,,,,,,,,,,,,,
10798,,,,,,,,,,,,,,,,,,,,,,,,,,,,,,,,,,,,,,,,,,,,,,,,,,,,,,,,,,,,,,,,,,,,,,,,,,,,
10799,,,,,,,,,,,,,,,,,,,,,,,,,,,,,,,,,,,,,,,,,,,,,,,,,,,,,,,,,,,,,,,,,,,,,,,,,,,,
10800,,,,,,,,,,,,,,,,,,,,,,,,,,,,,,,,,,,,,,,,,,,,,,,,,,,,,,,,,,,,,,,,,,,,,,,,,,,,
10801,,,,,,,,,,,,,,,,,,,,,,,,,,,,,,,,,,,,,,,,,,,,,,,,,,,,,,,,,,,,,,,,,,,,,,,,,,,,
10802,,,,,,,,,,,,,,,,,,,,,,,,,,,,,,,,,,,,,,,,,,,,,,,,,,,,,,,,,,,,,,,,,,,,,,,,,,,,
10803,,,,,,,,,,,,,,,,,,,,,,,,,,,,,,,,,,,,,,,,,,,,,,,,,,,,,,,,,,,,,,,,,,,,,,,,,,,,
10804,,,,,,,,,,,,,,,,,,,,,,,,,,,,,,,,,,,,,,,,,,,,,,,,,,,,,,,,,,,,,,,,,,,,,,,,,,,,
10805,,,,,,,,,,,,,,,,,,,,,,,,,,,,,,,,,,,,,,,,,,,,,,,,,,,,,,,,,,,,,,,,,,,,,,,,,,,,
10806,,,,,,,,,,,,,,,,,,,,,,,,,,,,,,,,,,,,,,,,,,,,,,,,,,,,,,,,,,,,,,,,,,,,,,,,,,,,
10807,,,,,,,,,,,,,,,,,,,,,,,,,,,,,,,,,,,,,,,,,,,,,,,,,,,,,,,,,,,,,,,,,,,,,,,,,,,,
10808,,,,,,,,,,,,,,,,,,,,,,,,,,,,,,,,,,,,,,,,,,,,,,,,,,,,,,,,,,,,,,,,,,,,,,,,,,,,
10809,,,,,,,,,,,,,,,,,,,,,,,,,,,,,,,,,,,,,,,,,,,,,,,,,,,,,,,,,,,,,,,,,,,,,,,,,,,,
10810,,,,,,,,,,,,,,,,,,,,,,,,,,,,,,,,,,,,,,,,,,,,,,,,,,,,,,,,,,,,,,,,,,,,,,,,,,,,
10811,,,,,,,,,,,,,,,,,,,,,,,,,,,,,,,,,,,,,,,,,,,,,,,,,,,,,,,,,,,,,,,,,,,,,,,,,,,,
10812,,,,,,,,,,,,,,,,,,,,,,,,,,,,,,,,,,,,,,,,,,,,,,,,,,,,,,,,,,,,,,,,,,,,,,,,,,,,
10813,,,,,,,,,,,,,,,,,,,,,,,,,,,,,,,,,,,,,,,,,,,,,,,,,,,,,,,,,,,,,,,,,,,,,,,,,,,,
10814,,,,,,,,,,,,,,,,,,,,,,,,,,,,,,,,,,,,,,,,,,,,,,,,,,,,,,,,,,,,,,,,,,,,,,,,,,,,
10815,,,,,,,,,,,,,,,,,,,,,,,,,,,,,,,,,,,,,,,,,,,,,,,,,,,,,,,,,,,,,,,,,,,,,,,,,,,,
10816,,,,,,,,,,,,,,,,,,,,,,,,,,,,,,,,,,,,,,,,,,,,,,,,,,,,,,,,,,,,,,,,,,,,,,,,,,,,
10817,,,,,,,,,,,,,,,,,,,,,,,,,,,,,,,,,,,,,,,,,,,,,,,,,,,,,,,,,,,,,,,,,,,,,,,,,,,,
10818,,,,,,,,,,,,,,,,,,,,,,,,,,,,,,,,,,,,,,,,,,,,,,,,,,,,,,,,,,,,,,,,,,,,,,,,,,,,
10819,,,,,,,,,,,,,,,,,,,,,,,,,,,,,,,,,,,,,,,,,,,,,,,,,,,,,,,,,,,,,,,,,,,,,,,,,,,,
10820,,,,,,,,,,,,,,,,,,,,,,,,,,,,,,,,,,,,,,,,,,,,,,,,,,,,,,,,,,,,,,,,,,,,,,,,,,,,
10821,,,,,,,,,,,,,,,,,,,,,,,,,,,,,,,,,,,,,,,,,,,,,,,,,,,,,,,,,,,,,,,,,,,,,,,,,,,,
10822,,,,,,,,,,,,,,,,,,,,,,,,,,,,,,,,,,,,,,,,,,,,,,,,,,,,,,,,,,,,,,,,,,,,,,,,,,,,
10823,,,,,,,,,,,,,,,,,,,,,,,,,,,,,,,,,,,,,,,,,,,,,,,,,,,,,,,,,,,,,,,,,,,,,,,,,,,,
10824,,,,,,,,,,,,,,,,,,,,,,,,,,,,,,,,,,,,,,,,,,,,,,,,,,,,,,,,,,,,,,,,,,,,,,,,,,,,
10825,,,,,,,,,,,,,,,,,,,,,,,,,,,,,,,,,,,,,,,,,,,,,,,,,,,,,,,,,,,,,,,,,,,,,,,,,,,,
10826,,,,,,,,,,,,,,,,,,,,,,,,,,,,,,,,,,,,,,,,,,,,,,,,,,,,,,,,,,,,,,,,,,,,,,,,,,,,
10827,,,,,,,,,,,,,,,,,,,,,,,,,,,,,,,,,,,,,,,,,,,,,,,,,,,,,,,,,,,,,,,,,,,,,,,,,,,,
10828,,,,,,,,,,,,,,,,,,,,,,,,,,,,,,,,,,,,,,,,,,,,,,,,,,,,,,,,,,,,,,,,,,,,,,,,,,,,
10829,,,,,,,,,,,,,,,,,,,,,,,,,,,,,,,,,,,,,,,,,,,,,,,,,,,,,,,,,,,,,,,,,,,,,,,,,,,,
10830,,,,,,,,,,,,,,,,,,,,,,,,,,,,,,,,,,,,,,,,,,,,,,,,,,,,,,,,,,,,,,,,,,,,,,,,,,,,
10831,,,,,,,,,,,,,,,,,,,,,,,,,,,,,,,,,,,,,,,,,,,,,,,,,,,,,,,,,,,,,,,,,,,,,,,,,,,,
10832,,,,,,,,,,,,,,,,,,,,,,,,,,,,,,,,,,,,,,,,,,,,,,,,,,,,,,,,,,,,,,,,,,,,,,,,,,,,
10833,,,,,,,,,,,,,,,,,,,,,,,,,,,,,,,,,,,,,,,,,,,,,,,,,,,,,,,,,,,,,,,,,,,,,,,,,,,,
10834,,,,,,,,,,,,,,,,,,,,,,,,,,,,,,,,,,,,,,,,,,,,,,,,,,,,,,,,,,,,,,,,,,,,,,,,,,,,
10835,,,,,,,,,,,,,,,,,,,,,,,,,,,,,,,,,,,,,,,,,,,,,,,,,,,,,,,,,,,,,,,,,,,,,,,,,,,,
10836,,,,,,,,,,,,,,,,,,,,,,,,,,,,,,,,,,,,,,,,,,,,,,,,,,,,,,,,,,,,,,,,,,,,,,,,,,,,
10837,,,,,,,,,,,,,,,,,,,,,,,,,,,,,,,,,,,,,,,,,,,,,,,,,,,,,,,,,,,,,,,,,,,,,,,,,,,,
10838,,,,,,,,,,,,,,,,,,,,,,,,,,,,,,,,,,,,,,,,,,,,,,,,,,,,,,,,,,,,,,,,,,,,,,,,,,,,
10839,,,,,,,,,,,,,,,,,,,,,,,,,,,,,,,,,,,,,,,,,,,,,,,,,,,,,,,,,,,,,,,,,,,,,,,,,,,,
10840,,,,,,,,,,,,,,,,,,,,,,,,,,,,,,,,,,,,,,,,,,,,,,,,,,,,,,,,,,,,,,,,,,,,,,,,,,,,
10841,,,,,,,,,,,,,,,,,,,,,,,,,,,,,,,,,,,,,,,,,,,,,,,,,,,,,,,,,,,,,,,,,,,,,,,,,,,,
10842,,,,,,,,,,,,,,,,,,,,,,,,,,,,,,,,,,,,,,,,,,,,,,,,,,,,,,,,,,,,,,,,,,,,,,,,,,,,
10843,,,,,,,,,,,,,,,,,,,,,,,,,,,,,,,,,,,,,,,,,,,,,,,,,,,,,,,,,,,,,,,,,,,,,,,,,,,,
10844,,,,,,,,,,,,,,,,,,,,,,,,,,,,,,,,,,,,,,,,,,,,,,,,,,,,,,,,,,,,,,,,,,,,,,,,,,,,
10845,,,,,,,,,,,,,,,,,,,,,,,,,,,,,,,,,,,,,,,,,,,,,,,,,,,,,,,,,,,,,,,,,,,,,,,,,,,,
10846,,,,,,,,,,,,,,,,,,,,,,,,,,,,,,,,,,,,,,,,,,,,,,,,,,,,,,,,,,,,,,,,,,,,,,,,,,,,
10847,,,,,,,,,,,,,,,,,,,,,,,,,,,,,,,,,,,,,,,,,,,,,,,,,,,,,,,,,,,,,,,,,,,,,,,,,,,,
10848,,,,,,,,,,,,,,,,,,,,,,,,,,,,,,,,,,,,,,,,,,,,,,,,,,,,,,,,,,,,,,,,,,,,,,,,,,,,
10849,,,,,,,,,,,,,,,,,,,,,,,,,,,,,,,,,,,,,,,,,,,,,,,,,,,,,,,,,,,,,,,,,,,,,,,,,,,,
10850,,,,,,,,,,,,,,,,,,,,,,,,,,,,,,,,,,,,,,,,,,,,,,,,,,,,,,,,,,,,,,,,,,,,,,,,,,,,
10851,,,,,,,,,,,,,,,,,,,,,,,,,,,,,,,,,,,,,,,,,,,,,,,,,,,,,,,,,,,,,,,,,,,,,,,,,,,,
10852,,,,,,,,,,,,,,,,,,,,,,,,,,,,,,,,,,,,,,,,,,,,,,,,,,,,,,,,,,,,,,,,,,,,,,,,,,,,
10853,,,,,,,,,,,,,,,,,,,,,,,,,,,,,,,,,,,,,,,,,,,,,,,,,,,,,,,,,,,,,,,,,,,,,,,,,,,,
10854,,,,,,,,,,,,,,,,,,,,,,,,,,,,,,,,,,,,,,,,,,,,,,,,,,,,,,,,,,,,,,,,,,,,,,,,,,,,
10855,,,,,,,,,,,,,,,,,,,,,,,,,,,,,,,,,,,,,,,,,,,,,,,,,,,,,,,,,,,,,,,,,,,,,,,,,,,,
10856,,,,,,,,,,,,,,,,,,,,,,,,,,,,,,,,,,,,,,,,,,,,,,,,,,,,,,,,,,,,,,,,,,,,,,,,,,,,
10857,,,,,,,,,,,,,,,,,,,,,,,,,,,,,,,,,,,,,,,,,,,,,,,,,,,,,,,,,,,,,,,,,,,,,,,,,,,,
10858,,,,,,,,,,,,,,,,,,,,,,,,,,,,,,,,,,,,,,,,,,,,,,,,,,,,,,,,,,,,,,,,,,,,,,,,,,,,
10859,,,,,,,,,,,,,,,,,,,,,,,,,,,,,,,,,,,,,,,,,,,,,,,,,,,,,,,,,,,,,,,,,,,,,,,,,,,,
10860,,,,,,,,,,,,,,,,,,,,,,,,,,,,,,,,,,,,,,,,,,,,,,,,,,,,,,,,,,,,,,,,,,,,,,,,,,,,
10861,,,,,,,,,,,,,,,,,,,,,,,,,,,,,,,,,,,,,,,,,,,,,,,,,,,,,,,,,,,,,,,,,,,,,,,,,,,,
10862,,,,,,,,,,,,,,,,,,,,,,,,,,,,,,,,,,,,,,,,,,,,,,,,,,,,,,,,,,,,,,,,,,,,,,,,,,,,
10863,,,,,,,,,,,,,,,,,,,,,,,,,,,,,,,,,,,,,,,,,,,,,,,,,,,,,,,,,,,,,,,,,,,,,,,,,,,,
10864,,,,,,,,,,,,,,,,,,,,,,,,,,,,,,,,,,,,,,,,,,,,,,,,,,,,,,,,,,,,,,,,,,,,,,,,,,,,
10865,,,,,,,,,,,,,,,,,,,,,,,,,,,,,,,,,,,,,,,,,,,,,,,,,,,,,,,,,,,,,,,,,,,,,,,,,,,,
10866,,,,,,,,,,,,,,,,,,,,,,,,,,,,,,,,,,,,,,,,,,,,,,,,,,,,,,,,,,,,,,,,,,,,,,,,,,,,
10867,,,,,,,,,,,,,,,,,,,,,,,,,,,,,,,,,,,,,,,,,,,,,,,,,,,,,,,,,,,,,,,,,,,,,,,,,,,,
10868,,,,,,,,,,,,,,,,,,,,,,,,,,,,,,,,,,,,,,,,,,,,,,,,,,,,,,,,,,,,,,,,,,,,,,,,,,,,
10869,,,,,,,,,,,,,,,,,,,,,,,,,,,,,,,,,,,,,,,,,,,,,,,,,,,,,,,,,,,,,,,,,,,,,,,,,,,,
10870,,,,,,,,,,,,,,,,,,,,,,,,,,,,,,,,,,,,,,,,,,,,,,,,,,,,,,,,,,,,,,,,,,,,,,,,,,,,
10871,,,,,,,,,,,,,,,,,,,,,,,,,,,,,,,,,,,,,,,,,,,,,,,,,,,,,,,,,,,,,,,,,,,,,,,,,,,,
10872,,,,,,,,,,,,,,,,,,,,,,,,,,,,,,,,,,,,,,,,,,,,,,,,,,,,,,,,,,,,,,,,,,,,,,,,,,,,
10873,,,,,,,,,,,,,,,,,,,,,,,,,,,,,,,,,,,,,,,,,,,,,,,,,,,,,,,,,,,,,,,,,,,,,,,,,,,,
10874,,,,,,,,,,,,,,,,,,,,,,,,,,,,,,,,,,,,,,,,,,,,,,,,,,,,,,,,,,,,,,,,,,,,,,,,,,,,
10875,,,,,,,,,,,,,,,,,,,,,,,,,,,,,,,,,,,,,,,,,,,,,,,,,,,,,,,,,,,,,,,,,,,,,,,,,,,,
10876,,,,,,,,,,,,,,,,,,,,,,,,,,,,,,,,,,,,,,,,,,,,,,,,,,,,,,,,,,,,,,,,,,,,,,,,,,,,
10877,,,,,,,,,,,,,,,,,,,,,,,,,,,,,,,,,,,,,,,,,,,,,,,,,,,,,,,,,,,,,,,,,,,,,,,,,,,,
10878,,,,,,,,,,,,,,,,,,,,,,,,,,,,,,,,,,,,,,,,,,,,,,,,,,,,,,,,,,,,,,,,,,,,,,,,,,,,
10879,,,,,,,,,,,,,,,,,,,,,,,,,,,,,,,,,,,,,,,,,,,,,,,,,,,,,,,,,,,,,,,,,,,,,,,,,,,,
10880,,,,,,,,,,,,,,,,,,,,,,,,,,,,,,,,,,,,,,,,,,,,,,,,,,,,,,,,,,,,,,,,,,,,,,,,,,,,
10881,,,,,,,,,,,,,,,,,,,,,,,,,,,,,,,,,,,,,,,,,,,,,,,,,,,,,,,,,,,,,,,,,,,,,,,,,,,,
10882,,,,,,,,,,,,,,,,,,,,,,,,,,,,,,,,,,,,,,,,,,,,,,,,,,,,,,,,,,,,,,,,,,,,,,,,,,,,
10883,,,,,,,,,,,,,,,,,,,,,,,,,,,,,,,,,,,,,,,,,,,,,,,,,,,,,,,,,,,,,,,,,,,,,,,,,,,,
10884,,,,,,,,,,,,,,,,,,,,,,,,,,,,,,,,,,,,,,,,,,,,,,,,,,,,,,,,,,,,,,,,,,,,,,,,,,,,
10885,,,,,,,,,,,,,,,,,,,,,,,,,,,,,,,,,,,,,,,,,,,,,,,,,,,,,,,,,,,,,,,,,,,,,,,,,,,,
10886,,,,,,,,,,,,,,,,,,,,,,,,,,,,,,,,,,,,,,,,,,,,,,,,,,,,,,,,,,,,,,,,,,,,,,,,,,,,
10887,,,,,,,,,,,,,,,,,,,,,,,,,,,,,,,,,,,,,,,,,,,,,,,,,,,,,,,,,,,,,,,,,,,,,,,,,,,,
10888,,,,,,,,,,,,,,,,,,,,,,,,,,,,,,,,,,,,,,,,,,,,,,,,,,,,,,,,,,,,,,,,,,,,,,,,,,,,
10889,,,,,,,,,,,,,,,,,,,,,,,,,,,,,,,,,,,,,,,,,,,,,,,,,,,,,,,,,,,,,,,,,,,,,,,,,,,,
10890,,,,,,,,,,,,,,,,,,,,,,,,,,,,,,,,,,,,,,,,,,,,,,,,,,,,,,,,,,,,,,,,,,,,,,,,,,,,
10891,,,,,,,,,,,,,,,,,,,,,,,,,,,,,,,,,,,,,,,,,,,,,,,,,,,,,,,,,,,,,,,,,,,,,,,,,,,,
10892,,,,,,,,,,,,,,,,,,,,,,,,,,,,,,,,,,,,,,,,,,,,,,,,,,,,,,,,,,,,,,,,,,,,,,,,,,,,
10893,,,,,,,,,,,,,,,,,,,,,,,,,,,,,,,,,,,,,,,,,,,,,,,,,,,,,,,,,,,,,,,,,,,,,,,,,,,,
10894,,,,,,,,,,,,,,,,,,,,,,,,,,,,,,,,,,,,,,,,,,,,,,,,,,,,,,,,,,,,,,,,,,,,,,,,,,,,
10895,,,,,,,,,,,,,,,,,,,,,,,,,,,,,,,,,,,,,,,,,,,,,,,,,,,,,,,,,,,,,,,,,,,,,,,,,,,,
10896,,,,,,,,,,,,,,,,,,,,,,,,,,,,,,,,,,,,,,,,,,,,,,,,,,,,,,,,,,,,,,,,,,,,,,,,,,,,
10897,,,,,,,,,,,,,,,,,,,,,,,,,,,,,,,,,,,,,,,,,,,,,,,,,,,,,,,,,,,,,,,,,,,,,,,,,,,,
10898,,,,,,,,,,,,,,,,,,,,,,,,,,,,,,,,,,,,,,,,,,,,,,,,,,,,,,,,,,,,,,,,,,,,,,,,,,,,
10899,,,,,,,,,,,,,,,,,,,,,,,,,,,,,,,,,,,,,,,,,,,,,,,,,,,,,,,,,,,,,,,,,,,,,,,,,,,,
10900,,,,,,,,,,,,,,,,,,,,,,,,,,,,,,,,,,,,,,,,,,,,,,,,,,,,,,,,,,,,,,,,,,,,,,,,,,,,
10901,,,,,,,,,,,,,,,,,,,,,,,,,,,,,,,,,,,,,,,,,,,,,,,,,,,,,,,,,,,,,,,,,,,,,,,,,,,,
10902,,,,,,,,,,,,,,,,,,,,,,,,,,,,,,,,,,,,,,,,,,,,,,,,,,,,,,,,,,,,,,,,,,,,,,,,,,,,
10903,,,,,,,,,,,,,,,,,,,,,,,,,,,,,,,,,,,,,,,,,,,,,,,,,,,,,,,,,,,,,,,,,,,,,,,,,,,,
10904,,,,,,,,,,,,,,,,,,,,,,,,,,,,,,,,,,,,,,,,,,,,,,,,,,,,,,,,,,,,,,,,,,,,,,,,,,,,
10905,,,,,,,,,,,,,,,,,,,,,,,,,,,,,,,,,,,,,,,,,,,,,,,,,,,,,,,,,,,,,,,,,,,,,,,,,,,,
10906,,,,,,,,,,,,,,,,,,,,,,,,,,,,,,,,,,,,,,,,,,,,,,,,,,,,,,,,,,,,,,,,,,,,,,,,,,,,
10907,,,,,,,,,,,,,,,,,,,,,,,,,,,,,,,,,,,,,,,,,,,,,,,,,,,,,,,,,,,,,,,,,,,,,,,,,,,,
10908,,,,,,,,,,,,,,,,,,,,,,,,,,,,,,,,,,,,,,,,,,,,,,,,,,,,,,,,,,,,,,,,,,,,,,,,,,,,
10909,,,,,,,,,,,,,,,,,,,,,,,,,,,,,,,,,,,,,,,,,,,,,,,,,,,,,,,,,,,,,,,,,,,,,,,,,,,,
10910,,,,,,,,,,,,,,,,,,,,,,,,,,,,,,,,,,,,,,,,,,,,,,,,,,,,,,,,,,,,,,,,,,,,,,,,,,,,
10911,,,,,,,,,,,,,,,,,,,,,,,,,,,,,,,,,,,,,,,,,,,,,,,,,,,,,,,,,,,,,,,,,,,,,,,,,,,,
10912,,,,,,,,,,,,,,,,,,,,,,,,,,,,,,,,,,,,,,,,,,,,,,,,,,,,,,,,,,,,,,,,,,,,,,,,,,,,
10913,,,,,,,,,,,,,,,,,,,,,,,,,,,,,,,,,,,,,,,,,,,,,,,,,,,,,,,,,,,,,,,,,,,,,,,,,,,,
10914,,,,,,,,,,,,,,,,,,,,,,,,,,,,,,,,,,,,,,,,,,,,,,,,,,,,,,,,,,,,,,,,,,,,,,,,,,,,
10915,,,,,,,,,,,,,,,,,,,,,,,,,,,,,,,,,,,,,,,,,,,,,,,,,,,,,,,,,,,,,,,,,,,,,,,,,,,,
10916,,,,,,,,,,,,,,,,,,,,,,,,,,,,,,,,,,,,,,,,,,,,,,,,,,,,,,,,,,,,,,,,,,,,,,,,,,,,
10917,,,,,,,,,,,,,,,,,,,,,,,,,,,,,,,,,,,,,,,,,,,,,,,,,,,,,,,,,,,,,,,,,,,,,,,,,,,,
10918,,,,,,,,,,,,,,,,,,,,,,,,,,,,,,,,,,,,,,,,,,,,,,,,,,,,,,,,,,,,,,,,,,,,,,,,,,,,
10919,,,,,,,,,,,,,,,,,,,,,,,,,,,,,,,,,,,,,,,,,,,,,,,,,,,,,,,,,,,,,,,,,,,,,,,,,,,,
10920,,,,,,,,,,,,,,,,,,,,,,,,,,,,,,,,,,,,,,,,,,,,,,,,,,,,,,,,,,,,,,,,,,,,,,,,,,,,
10921,,,,,,,,,,,,,,,,,,,,,,,,,,,,,,,,,,,,,,,,,,,,,,,,,,,,,,,,,,,,,,,,,,,,,,,,,,,,
10922,,,,,,,,,,,,,,,,,,,,,,,,,,,,,,,,,,,,,,,,,,,,,,,,,,,,,,,,,,,,,,,,,,,,,,,,,,,,
10923,,,,,,,,,,,,,,,,,,,,,,,,,,,,,,,,,,,,,,,,,,,,,,,,,,,,,,,,,,,,,,,,,,,,,,,,,,,,
10924,,,,,,,,,,,,,,,,,,,,,,,,,,,,,,,,,,,,,,,,,,,,,,,,,,,,,,,,,,,,,,,,,,,,,,,,,,,,
10925,,,,,,,,,,,,,,,,,,,,,,,,,,,,,,,,,,,,,,,,,,,,,,,,,,,,,,,,,,,,,,,,,,,,,,,,,,,,
10926,,,,,,,,,,,,,,,,,,,,,,,,,,,,,,,,,,,,,,,,,,,,,,,,,,,,,,,,,,,,,,,,,,,,,,,,,,,,
10927,,,,,,,,,,,,,,,,,,,,,,,,,,,,,,,,,,,,,,,,,,,,,,,,,,,,,,,,,,,,,,,,,,,,,,,,,,,,
10928,,,,,,,,,,,,,,,,,,,,,,,,,,,,,,,,,,,,,,,,,,,,,,,,,,,,,,,,,,,,,,,,,,,,,,,,,,,,
10929,,,,,,,,,,,,,,,,,,,,,,,,,,,,,,,,,,,,,,,,,,,,,,,,,,,,,,,,,,,,,,,,,,,,,,,,,,,,
10930,,,,,,,,,,,,,,,,,,,,,,,,,,,,,,,,,,,,,,,,,,,,,,,,,,,,,,,,,,,,,,,,,,,,,,,,,,,,
10931,,,,,,,,,,,,,,,,,,,,,,,,,,,,,,,,,,,,,,,,,,,,,,,,,,,,,,,,,,,,,,,,,,,,,,,,,,,,
10932,,,,,,,,,,,,,,,,,,,,,,,,,,,,,,,,,,,,,,,,,,,,,,,,,,,,,,,,,,,,,,,,,,,,,,,,,,,,
10933,,,,,,,,,,,,,,,,,,,,,,,,,,,,,,,,,,,,,,,,,,,,,,,,,,,,,,,,,,,,,,,,,,,,,,,,,,,,
10934,,,,,,,,,,,,,,,,,,,,,,,,,,,,,,,,,,,,,,,,,,,,,,,,,,,,,,,,,,,,,,,,,,,,,,,,,,,,
10935,,,,,,,,,,,,,,,,,,,,,,,,,,,,,,,,,,,,,,,,,,,,,,,,,,,,,,,,,,,,,,,,,,,,,,,,,,,,
10936,,,,,,,,,,,,,,,,,,,,,,,,,,,,,,,,,,,,,,,,,,,,,,,,,,,,,,,,,,,,,,,,,,,,,,,,,,,,
10937,,,,,,,,,,,,,,,,,,,,,,,,,,,,,,,,,,,,,,,,,,,,,,,,,,,,,,,,,,,,,,,,,,,,,,,,,,,,
10938,,,,,,,,,,,,,,,,,,,,,,,,,,,,,,,,,,,,,,,,,,,,,,,,,,,,,,,,,,,,,,,,,,,,,,,,,,,,
10939,,,,,,,,,,,,,,,,,,,,,,,,,,,,,,,,,,,,,,,,,,,,,,,,,,,,,,,,,,,,,,,,,,,,,,,,,,,,
10940,,,,,,,,,,,,,,,,,,,,,,,,,,,,,,,,,,,,,,,,,,,,,,,,,,,,,,,,,,,,,,,,,,,,,,,,,,,,
10941,,,,,,,,,,,,,,,,,,,,,,,,,,,,,,,,,,,,,,,,,,,,,,,,,,,,,,,,,,,,,,,,,,,,,,,,,,,,
10942,,,,,,,,,,,,,,,,,,,,,,,,,,,,,,,,,,,,,,,,,,,,,,,,,,,,,,,,,,,,,,,,,,,,,,,,,,,,
10943,,,,,,,,,,,,,,,,,,,,,,,,,,,,,,,,,,,,,,,,,,,,,,,,,,,,,,,,,,,,,,,,,,,,,,,,,,,,
10944,,,,,,,,,,,,,,,,,,,,,,,,,,,,,,,,,,,,,,,,,,,,,,,,,,,,,,,,,,,,,,,,,,,,,,,,,,,,
10945,,,,,,,,,,,,,,,,,,,,,,,,,,,,,,,,,,,,,,,,,,,,,,,,,,,,,,,,,,,,,,,,,,,,,,,,,,,,
10946,,,,,,,,,,,,,,,,,,,,,,,,,,,,,,,,,,,,,,,,,,,,,,,,,,,,,,,,,,,,,,,,,,,,,,,,,,,,
10947,,,,,,,,,,,,,,,,,,,,,,,,,,,,,,,,,,,,,,,,,,,,,,,,,,,,,,,,,,,,,,,,,,,,,,,,,,,,
10948,,,,,,,,,,,,,,,,,,,,,,,,,,,,,,,,,,,,,,,,,,,,,,,,,,,,,,,,,,,,,,,,,,,,,,,,,,,,
10949,,,,,,,,,,,,,,,,,,,,,,,,,,,,,,,,,,,,,,,,,,,,,,,,,,,,,,,,,,,,,,,,,,,,,,,,,,,,
10950,,,,,,,,,,,,,,,,,,,,,,,,,,,,,,,,,,,,,,,,,,,,,,,,,,,,,,,,,,,,,,,,,,,,,,,,,,,,
10951,,,,,,,,,,,,,,,,,,,,,,,,,,,,,,,,,,,,,,,,,,,,,,,,,,,,,,,,,,,,,,,,,,,,,,,,,,,,
10952,,,,,,,,,,,,,,,,,,,,,,,,,,,,,,,,,,,,,,,,,,,,,,,,,,,,,,,,,,,,,,,,,,,,,,,,,,,,
10953,,,,,,,,,,,,,,,,,,,,,,,,,,,,,,,,,,,,,,,,,,,,,,,,,,,,,,,,,,,,,,,,,,,,,,,,,,,,
10954,,,,,,,,,,,,,,,,,,,,,,,,,,,,,,,,,,,,,,,,,,,,,,,,,,,,,,,,,,,,,,,,,,,,,,,,,,,,
10955,,,,,,,,,,,,,,,,,,,,,,,,,,,,,,,,,,,,,,,,,,,,,,,,,,,,,,,,,,,,,,,,,,,,,,,,,,,,
10956,,,,,,,,,,,,,,,,,,,,,,,,,,,,,,,,,,,,,,,,,,,,,,,,,,,,,,,,,,,,,,,,,,,,,,,,,,,,
10957,,,,,,,,,,,,,,,,,,,,,,,,,,,,,,,,,,,,,,,,,,,,,,,,,,,,,,,,,,,,,,,,,,,,,,,,,,,,
10958,,,,,,,,,,,,,,,,,,,,,,,,,,,,,,,,,,,,,,,,,,,,,,,,,,,,,,,,,,,,,,,,,,,,,,,,,,,,
10959,,,,,,,,,,,,,,,,,,,,,,,,,,,,,,,,,,,,,,,,,,,,,,,,,,,,,,,,,,,,,,,,,,,,,,,,,,,,
10960,,,,,,,,,,,,,,,,,,,,,,,,,,,,,,,,,,,,,,,,,,,,,,,,,,,,,,,,,,,,,,,,,,,,,,,,,,,,
10961,,,,,,,,,,,,,,,,,,,,,,,,,,,,,,,,,,,,,,,,,,,,,,,,,,,,,,,,,,,,,,,,,,,,,,,,,,,,
10962,,,,,,,,,,,,,,,,,,,,,,,,,,,,,,,,,,,,,,,,,,,,,,,,,,,,,,,,,,,,,,,,,,,,,,,,,,,,
10963,,,,,,,,,,,,,,,,,,,,,,,,,,,,,,,,,,,,,,,,,,,,,,,,,,,,,,,,,,,,,,,,,,,,,,,,,,,,
10964,,,,,,,,,,,,,,,,,,,,,,,,,,,,,,,,,,,,,,,,,,,,,,,,,,,,,,,,,,,,,,,,,,,,,,,,,,,,
10965,,,,,,,,,,,,,,,,,,,,,,,,,,,,,,,,,,,,,,,,,,,,,,,,,,,,,,,,,,,,,,,,,,,,,,,,,,,,
10966,,,,,,,,,,,,,,,,,,,,,,,,,,,,,,,,,,,,,,,,,,,,,,,,,,,,,,,,,,,,,,,,,,,,,,,,,,,,
10967,,,,,,,,,,,,,,,,,,,,,,,,,,,,,,,,,,,,,,,,,,,,,,,,,,,,,,,,,,,,,,,,,,,,,,,,,,,,
10968,,,,,,,,,,,,,,,,,,,,,,,,,,,,,,,,,,,,,,,,,,,,,,,,,,,,,,,,,,,,,,,,,,,,,,,,,,,,
10969,,,,,,,,,,,,,,,,,,,,,,,,,,,,,,,,,,,,,,,,,,,,,,,,,,,,,,,,,,,,,,,,,,,,,,,,,,,,
10970,,,,,,,,,,,,,,,,,,,,,,,,,,,,,,,,,,,,,,,,,,,,,,,,,,,,,,,,,,,,,,,,,,,,,,,,,,,,
10971,,,,,,,,,,,,,,,,,,,,,,,,,,,,,,,,,,,,,,,,,,,,,,,,,,,,,,,,,,,,,,,,,,,,,,,,,,,,
10972,,,,,,,,,,,,,,,,,,,,,,,,,,,,,,,,,,,,,,,,,,,,,,,,,,,,,,,,,,,,,,,,,,,,,,,,,,,,
10973,,,,,,,,,,,,,,,,,,,,,,,,,,,,,,,,,,,,,,,,,,,,,,,,,,,,,,,,,,,,,,,,,,,,,,,,,,,,
10974,,,,,,,,,,,,,,,,,,,,,,,,,,,,,,,,,,,,,,,,,,,,,,,,,,,,,,,,,,,,,,,,,,,,,,,,,,,,
10975,,,,,,,,,,,,,,,,,,,,,,,,,,,,,,,,,,,,,,,,,,,,,,,,,,,,,,,,,,,,,,,,,,,,,,,,,,,,
10976,,,,,,,,,,,,,,,,,,,,,,,,,,,,,,,,,,,,,,,,,,,,,,,,,,,,,,,,,,,,,,,,,,,,,,,,,,,,
10977,,,,,,,,,,,,,,,,,,,,,,,,,,,,,,,,,,,,,,,,,,,,,,,,,,,,,,,,,,,,,,,,,,,,,,,,,,,,
10978,,,,,,,,,,,,,,,,,,,,,,,,,,,,,,,,,,,,,,,,,,,,,,,,,,,,,,,,,,,,,,,,,,,,,,,,,,,,
10979,,,,,,,,,,,,,,,,,,,,,,,,,,,,,,,,,,,,,,,,,,,,,,,,,,,,,,,,,,,,,,,,,,,,,,,,,,,,
10980,,,,,,,,,,,,,,,,,,,,,,,,,,,,,,,,,,,,,,,,,,,,,,,,,,,,,,,,,,,,,,,,,,,,,,,,,,,,
10981,,,,,,,,,,,,,,,,,,,,,,,,,,,,,,,,,,,,,,,,,,,,,,,,,,,,,,,,,,,,,,,,,,,,,,,,,,,,
10982,,,,,,,,,,,,,,,,,,,,,,,,,,,,,,,,,,,,,,,,,,,,,,,,,,,,,,,,,,,,,,,,,,,,,,,,,,,,
10983,,,,,,,,,,,,,,,,,,,,,,,,,,,,,,,,,,,,,,,,,,,,,,,,,,,,,,,,,,,,,,,,,,,,,,,,,,,,
10984,,,,,,,,,,,,,,,,,,,,,,,,,,,,,,,,,,,,,,,,,,,,,,,,,,,,,,,,,,,,,,,,,,,,,,,,,,,,
10985,,,,,,,,,,,,,,,,,,,,,,,,,,,,,,,,,,,,,,,,,,,,,,,,,,,,,,,,,,,,,,,,,,,,,,,,,,,,
10986,,,,,,,,,,,,,,,,,,,,,,,,,,,,,,,,,,,,,,,,,,,,,,,,,,,,,,,,,,,,,,,,,,,,,,,,,,,,
10987,,,,,,,,,,,,,,,,,,,,,,,,,,,,,,,,,,,,,,,,,,,,,,,,,,,,,,,,,,,,,,,,,,,,,,,,,,,,
10988,,,,,,,,,,,,,,,,,,,,,,,,,,,,,,,,,,,,,,,,,,,,,,,,,,,,,,,,,,,,,,,,,,,,,,,,,,,,
10989,,,,,,,,,,,,,,,,,,,,,,,,,,,,,,,,,,,,,,,,,,,,,,,,,,,,,,,,,,,,,,,,,,,,,,,,,,,,
10990,,,,,,,,,,,,,,,,,,,,,,,,,,,,,,,,,,,,,,,,,,,,,,,,,,,,,,,,,,,,,,,,,,,,,,,,,,,,
10991,,,,,,,,,,,,,,,,,,,,,,,,,,,,,,,,,,,,,,,,,,,,,,,,,,,,,,,,,,,,,,,,,,,,,,,,,,,,
10992,,,,,,,,,,,,,,,,,,,,,,,,,,,,,,,,,,,,,,,,,,,,,,,,,,,,,,,,,,,,,,,,,,,,,,,,,,,,
10993,,,,,,,,,,,,,,,,,,,,,,,,,,,,,,,,,,,,,,,,,,,,,,,,,,,,,,,,,,,,,,,,,,,,,,,,,,,,
10994,,,,,,,,,,,,,,,,,,,,,,,,,,,,,,,,,,,,,,,,,,,,,,,,,,,,,,,,,,,,,,,,,,,,,,,,,,,,
10995,,,,,,,,,,,,,,,,,,,,,,,,,,,,,,,,,,,,,,,,,,,,,,,,,,,,,,,,,,,,,,,,,,,,,,,,,,,,
10996,,,,,,,,,,,,,,,,,,,,,,,,,,,,,,,,,,,,,,,,,,,,,,,,,,,,,,,,,,,,,,,,,,,,,,,,,,,,
10997,,,,,,,,,,,,,,,,,,,,,,,,,,,,,,,,,,,,,,,,,,,,,,,,,,,,,,,,,,,,,,,,,,,,,,,,,,,,
10998,,,,,,,,,,,,,,,,,,,,,,,,,,,,,,,,,,,,,,,,,,,,,,,,,,,,,,,,,,,,,,,,,,,,,,,,,,,,
10999,,,,,,,,,,,,,,,,,,,,,,,,,,,,,,,,,,,,,,,,,,,,,,,,,,,,,,,,,,,,,,,,,,,,,,,,,,,,
11000,,,,,,,,,,,,,,,,,,,,,,,,,,,,,,,,,,,,,,,,,,,,,,,,,,,,,,,,,,,,,,,,,,,,,,,,,,,,
11001,,,,,,,,,,,,,,,,,,,,,,,,,,,,,,,,,,,,,,,,,,,,,,,,,,,,,,,,,,,,,,,,,,,,,,,,,,,,
11002,,,,,,,,,,,,,,,,,,,,,,,,,,,,,,,,,,,,,,,,,,,,,,,,,,,,,,,,,,,,,,,,,,,,,,,,,,,,
11003,,,,,,,,,,,,,,,,,,,,,,,,,,,,,,,,,,,,,,,,,,,,,,,,,,,,,,,,,,,,,,,,,,,,,,,,,,,,
11004,,,,,,,,,,,,,,,,,,,,,,,,,,,,,,,,,,,,,,,,,,,,,,,,,,,,,,,,,,,,,,,,,,,,,,,,,,,,
11005,,,,,,,,,,,,,,,,,,,,,,,,,,,,,,,,,,,,,,,,,,,,,,,,,,,,,,,,,,,,,,,,,,,,,,,,,,,,
11006,,,,,,,,,,,,,,,,,,,,,,,,,,,,,,,,,,,,,,,,,,,,,,,,,,,,,,,,,,,,,,,,,,,,,,,,,,,,
11007,,,,,,,,,,,,,,,,,,,,,,,,,,,,,,,,,,,,,,,,,,,,,,,,,,,,,,,,,,,,,,,,,,,,,,,,,,,,
11008,,,,,,,,,,,,,,,,,,,,,,,,,,,,,,,,,,,,,,,,,,,,,,,,,,,,,,,,,,,,,,,,,,,,,,,,,,,,
11009,,,,,,,,,,,,,,,,,,,,,,,,,,,,,,,,,,,,,,,,,,,,,,,,,,,,,,,,,,,,,,,,,,,,,,,,,,,,
11010,,,,,,,,,,,,,,,,,,,,,,,,,,,,,,,,,,,,,,,,,,,,,,,,,,,,,,,,,,,,,,,,,,,,,,,,,,,,
11011,,,,,,,,,,,,,,,,,,,,,,,,,,,,,,,,,,,,,,,,,,,,,,,,,,,,,,,,,,,,,,,,,,,,,,,,,,,,
11012,,,,,,,,,,,,,,,,,,,,,,,,,,,,,,,,,,,,,,,,,,,,,,,,,,,,,,,,,,,,,,,,,,,,,,,,,,,,
11013,,,,,,,,,,,,,,,,,,,,,,,,,,,,,,,,,,,,,,,,,,,,,,,,,,,,,,,,,,,,,,,,,,,,,,,,,,,,
11014,,,,,,,,,,,,,,,,,,,,,,,,,,,,,,,,,,,,,,,,,,,,,,,,,,,,,,,,,,,,,,,,,,,,,,,,,,,,
11015,,,,,,,,,,,,,,,,,,,,,,,,,,,,,,,,,,,,,,,,,,,,,,,,,,,,,,,,,,,,,,,,,,,,,,,,,,,,
11016,,,,,,,,,,,,,,,,,,,,,,,,,,,,,,,,,,,,,,,,,,,,,,,,,,,,,,,,,,,,,,,,,,,,,,,,,,,,
11017,,,,,,,,,,,,,,,,,,,,,,,,,,,,,,,,,,,,,,,,,,,,,,,,,,,,,,,,,,,,,,,,,,,,,,,,,,,,
11018,,,,,,,,,,,,,,,,,,,,,,,,,,,,,,,,,,,,,,,,,,,,,,,,,,,,,,,,,,,,,,,,,,,,,,,,,,,,
11019,,,,,,,,,,,,,,,,,,,,,,,,,,,,,,,,,,,,,,,,,,,,,,,,,,,,,,,,,,,,,,,,,,,,,,,,,,,,
11020,,,,,,,,,,,,,,,,,,,,,,,,,,,,,,,,,,,,,,,,,,,,,,,,,,,,,,,,,,,,,,,,,,,,,,,,,,,,
11021,,,,,,,,,,,,,,,,,,,,,,,,,,,,,,,,,,,,,,,,,,,,,,,,,,,,,,,,,,,,,,,,,,,,,,,,,,,,
11022,,,,,,,,,,,,,,,,,,,,,,,,,,,,,,,,,,,,,,,,,,,,,,,,,,,,,,,,,,,,,,,,,,,,,,,,,,,,
11023,,,,,,,,,,,,,,,,,,,,,,,,,,,,,,,,,,,,,,,,,,,,,,,,,,,,,,,,,,,,,,,,,,,,,,,,,,,,
11024,,,,,,,,,,,,,,,,,,,,,,,,,,,,,,,,,,,,,,,,,,,,,,,,,,,,,,,,,,,,,,,,,,,,,,,,,,,,
11025,,,,,,,,,,,,,,,,,,,,,,,,,,,,,,,,,,,,,,,,,,,,,,,,,,,,,,,,,,,,,,,,,,,,,,,,,,,,
11026,,,,,,,,,,,,,,,,,,,,,,,,,,,,,,,,,,,,,,,,,,,,,,,,,,,,,,,,,,,,,,,,,,,,,,,,,,,,
11027,,,,,,,,,,,,,,,,,,,,,,,,,,,,,,,,,,,,,,,,,,,,,,,,,,,,,,,,,,,,,,,,,,,,,,,,,,,,
11028,,,,,,,,,,,,,,,,,,,,,,,,,,,,,,,,,,,,,,,,,,,,,,,,,,,,,,,,,,,,,,,,,,,,,,,,,,,,
11029,,,,,,,,,,,,,,,,,,,,,,,,,,,,,,,,,,,,,,,,,,,,,,,,,,,,,,,,,,,,,,,,,,,,,,,,,,,,
11030,,,,,,,,,,,,,,,,,,,,,,,,,,,,,,,,,,,,,,,,,,,,,,,,,,,,,,,,,,,,,,,,,,,,,,,,,,,,
11031,,,,,,,,,,,,,,,,,,,,,,,,,,,,,,,,,,,,,,,,,,,,,,,,,,,,,,,,,,,,,,,,,,,,,,,,,,,,
11032,,,,,,,,,,,,,,,,,,,,,,,,,,,,,,,,,,,,,,,,,,,,,,,,,,,,,,,,,,,,,,,,,,,,,,,,,,,,
11033,,,,,,,,,,,,,,,,,,,,,,,,,,,,,,,,,,,,,,,,,,,,,,,,,,,,,,,,,,,,,,,,,,,,,,,,,,,,
11034,,,,,,,,,,,,,,,,,,,,,,,,,,,,,,,,,,,,,,,,,,,,,,,,,,,,,,,,,,,,,,,,,,,,,,,,,,,,
11035,,,,,,,,,,,,,,,,,,,,,,,,,,,,,,,,,,,,,,,,,,,,,,,,,,,,,,,,,,,,,,,,,,,,,,,,,,,,
11036,,,,,,,,,,,,,,,,,,,,,,,,,,,,,,,,,,,,,,,,,,,,,,,,,,,,,,,,,,,,,,,,,,,,,,,,,,,,
11037,,,,,,,,,,,,,,,,,,,,,,,,,,,,,,,,,,,,,,,,,,,,,,,,,,,,,,,,,,,,,,,,,,,,,,,,,,,,
11038,,,,,,,,,,,,,,,,,,,,,,,,,,,,,,,,,,,,,,,,,,,,,,,,,,,,,,,,,,,,,,,,,,,,,,,,,,,,
11039,,,,,,,,,,,,,,,,,,,,,,,,,,,,,,,,,,,,,,,,,,,,,,,,,,,,,,,,,,,,,,,,,,,,,,,,,,,,
11040,,,,,,,,,,,,,,,,,,,,,,,,,,,,,,,,,,,,,,,,,,,,,,,,,,,,,,,,,,,,,,,,,,,,,,,,,,,,
11041,,,,,,,,,,,,,,,,,,,,,,,,,,,,,,,,,,,,,,,,,,,,,,,,,,,,,,,,,,,,,,,,,,,,,,,,,,,,
11042,,,,,,,,,,,,,,,,,,,,,,,,,,,,,,,,,,,,,,,,,,,,,,,,,,,,,,,,,,,,,,,,,,,,,,,,,,,,
11043,,,,,,,,,,,,,,,,,,,,,,,,,,,,,,,,,,,,,,,,,,,,,,,,,,,,,,,,,,,,,,,,,,,,,,,,,,,,
11044,,,,,,,,,,,,,,,,,,,,,,,,,,,,,,,,,,,,,,,,,,,,,,,,,,,,,,,,,,,,,,,,,,,,,,,,,,,,
11045,,,,,,,,,,,,,,,,,,,,,,,,,,,,,,,,,,,,,,,,,,,,,,,,,,,,,,,,,,,,,,,,,,,,,,,,,,,,
11046,,,,,,,,,,,,,,,,,,,,,,,,,,,,,,,,,,,,,,,,,,,,,,,,,,,,,,,,,,,,,,,,,,,,,,,,,,,,
11047,,,,,,,,,,,,,,,,,,,,,,,,,,,,,,,,,,,,,,,,,,,,,,,,,,,,,,,,,,,,,,,,,,,,,,,,,,,,
11048,,,,,,,,,,,,,,,,,,,,,,,,,,,,,,,,,,,,,,,,,,,,,,,,,,,,,,,,,,,,,,,,,,,,,,,,,,,,
11049,,,,,,,,,,,,,,,,,,,,,,,,,,,,,,,,,,,,,,,,,,,,,,,,,,,,,,,,,,,,,,,,,,,,,,,,,,,,
11050,,,,,,,,,,,,,,,,,,,,,,,,,,,,,,,,,,,,,,,,,,,,,,,,,,,,,,,,,,,,,,,,,,,,,,,,,,,,
11051,,,,,,,,,,,,,,,,,,,,,,,,,,,,,,,,,,,,,,,,,,,,,,,,,,,,,,,,,,,,,,,,,,,,,,,,,,,,
11052,,,,,,,,,,,,,,,,,,,,,,,,,,,,,,,,,,,,,,,,,,,,,,,,,,,,,,,,,,,,,,,,,,,,,,,,,,,,
11053,,,,,,,,,,,,,,,,,,,,,,,,,,,,,,,,,,,,,,,,,,,,,,,,,,,,,,,,,,,,,,,,,,,,,,,,,,,,
11054,,,,,,,,,,,,,,,,,,,,,,,,,,,,,,,,,,,,,,,,,,,,,,,,,,,,,,,,,,,,,,,,,,,,,,,,,,,,
11055,,,,,,,,,,,,,,,,,,,,,,,,,,,,,,,,,,,,,,,,,,,,,,,,,,,,,,,,,,,,,,,,,,,,,,,,,,,,
11056,,,,,,,,,,,,,,,,,,,,,,,,,,,,,,,,,,,,,,,,,,,,,,,,,,,,,,,,,,,,,,,,,,,,,,,,,,,,
11057,,,,,,,,,,,,,,,,,,,,,,,,,,,,,,,,,,,,,,,,,,,,,,,,,,,,,,,,,,,,,,,,,,,,,,,,,,,,
11058,,,,,,,,,,,,,,,,,,,,,,,,,,,,,,,,,,,,,,,,,,,,,,,,,,,,,,,,,,,,,,,,,,,,,,,,,,,,
11059,,,,,,,,,,,,,,,,,,,,,,,,,,,,,,,,,,,,,,,,,,,,,,,,,,,,,,,,,,,,,,,,,,,,,,,,,,,,
11060,,,,,,,,,,,,,,,,,,,,,,,,,,,,,,,,,,,,,,,,,,,,,,,,,,,,,,,,,,,,,,,,,,,,,,,,,,,,
11061,,,,,,,,,,,,,,,,,,,,,,,,,,,,,,,,,,,,,,,,,,,,,,,,,,,,,,,,,,,,,,,,,,,,,,,,,,,,
11062,,,,,,,,,,,,,,,,,,,,,,,,,,,,,,,,,,,,,,,,,,,,,,,,,,,,,,,,,,,,,,,,,,,,,,,,,,,,
11063,,,,,,,,,,,,,,,,,,,,,,,,,,,,,,,,,,,,,,,,,,,,,,,,,,,,,,,,,,,,,,,,,,,,,,,,,,,,
11064,,,,,,,,,,,,,,,,,,,,,,,,,,,,,,,,,,,,,,,,,,,,,,,,,,,,,,,,,,,,,,,,,,,,,,,,,,,,
11065,,,,,,,,,,,,,,,,,,,,,,,,,,,,,,,,,,,,,,,,,,,,,,,,,,,,,,,,,,,,,,,,,,,,,,,,,,,,
11066,,,,,,,,,,,,,,,,,,,,,,,,,,,,,,,,,,,,,,,,,,,,,,,,,,,,,,,,,,,,,,,,,,,,,,,,,,,,
11067,,,,,,,,,,,,,,,,,,,,,,,,,,,,,,,,,,,,,,,,,,,,,,,,,,,,,,,,,,,,,,,,,,,,,,,,,,,,
11068,,,,,,,,,,,,,,,,,,,,,,,,,,,,,,,,,,,,,,,,,,,,,,,,,,,,,,,,,,,,,,,,,,,,,,,,,,,,
11069,,,,,,,,,,,,,,,,,,,,,,,,,,,,,,,,,,,,,,,,,,,,,,,,,,,,,,,,,,,,,,,,,,,,,,,,,,,,
11070,,,,,,,,,,,,,,,,,,,,,,,,,,,,,,,,,,,,,,,,,,,,,,,,,,,,,,,,,,,,,,,,,,,,,,,,,,,,
11071,,,,,,,,,,,,,,,,,,,,,,,,,,,,,,,,,,,,,,,,,,,,,,,,,,,,,,,,,,,,,,,,,,,,,,,,,,,,
11072,,,,,,,,,,,,,,,,,,,,,,,,,,,,,,,,,,,,,,,,,,,,,,,,,,,,,,,,,,,,,,,,,,,,,,,,,,,,
11073,,,,,,,,,,,,,,,,,,,,,,,,,,,,,,,,,,,,,,,,,,,,,,,,,,,,,,,,,,,,,,,,,,,,,,,,,,,,
11074,,,,,,,,,,,,,,,,,,,,,,,,,,,,,,,,,,,,,,,,,,,,,,,,,,,,,,,,,,,,,,,,,,,,,,,,,,,,
11075,,,,,,,,,,,,,,,,,,,,,,,,,,,,,,,,,,,,,,,,,,,,,,,,,,,,,,,,,,,,,,,,,,,,,,,,,,,,
11076,,,,,,,,,,,,,,,,,,,,,,,,,,,,,,,,,,,,,,,,,,,,,,,,,,,,,,,,,,,,,,,,,,,,,,,,,,,,
11077,,,,,,,,,,,,,,,,,,,,,,,,,,,,,,,,,,,,,,,,,,,,,,,,,,,,,,,,,,,,,,,,,,,,,,,,,,,,